Activity Date,Activity Name,Activity Type,Distance,Moving Time,Elapsed Time,Average Speed,Average Pace (min/km),Average Heart Rate,Relative Effort,Elevation Gain,Calories,Weekday,Hour of Day,Rolling 7d Distance
2022-01-05 09:45:54,1st Ride with Strava,Biking,17.1,3407.0,3836,5.019806385040283,3.3201811759783477,,,99.9975128173828,,Wednesday,9,17.1
2022-01-06 09:11:48,Increasing distance ,Biking,28.68,5525.0,6221,5.192298412322998,3.2098822800922404,,,149.1034393310547,,Thursday,9,45.78
2022-01-13 23:38:42,SUTD recce,Biking,31.28,6040.0,6646,5.179317951202393,3.2179269208211974,,,59.63306427001953,,Thursday,23,77.06
2022-01-14 02:13:54,Recce ride home,Biking,32.15,6532.0,7113,4.922986507415772,3.3854788432917147,,,82.37126922607422,,Friday,2,109.21000000000001
2022-01-14 04:55:43,Solz,Biking,2.27,517.0,610,4.395434856414795,3.791812917518949,,,6.681617736816406,,Friday,4,111.48
2022-01-16 00:32:57,East Coast ride with fam,Biking,14.33,3998.0,8052,3.58555269241333,4.648283848102878,,,0.0,,Sunday,0,125.81
2022-01-19 09:09:58,👀,Biking,13.21,3127.0,3595,4.224240779876709,3.94548216712995,,,30.44098472595215,,Wednesday,9,139.02
2022-01-21 02:27:39,Morning Ride,Biking,19.82,4312.0,5823,4.59855318069458,3.6243283510639492,,,112.64836883544922,,Friday,2,141.74
2022-01-21 04:45:06,Lunch Ride,Biking,4.37,1160.0,1503,3.76664662361145,4.42480230616556,,,10.540908813476562,,Friday,4,117.43
2022-01-21 05:39:02,Return from da masjid,Biking,4.24,1053.0,1247,4.032392978668213,4.133195041960222,,,21.09000015258789,,Friday,5,90.39
2022-01-21 13:19:16,Night cycle with fam,Biking,5.83,2833.0,8836,2.0587399005889893,8.095566934851005,,,207.40171813964844,,Friday,13,64.07000000000001
2022-01-22 09:37:56,Afternoon Ride,Biking,7.91,2106.0,3398,3.7572081089019775,4.435917889982784,,,54.91561126708984,,Saturday,9,69.71
2022-01-22 23:39:52,Sunday Zoo Discovery,Biking,14.03,3328.0,10510,4.218212127685547,3.951121034733583,,,120.46707916259766,,Saturday,23,69.41
2022-01-26 02:14:20,Morning Ride,Biking,17.17,2982.0,3428,5.757833480834961,2.8946072723606764,,,94.53303527832033,,Wednesday,2,73.37
2022-01-27 12:08:37,Decathlon,Biking,8.59,1993.0,3324,4.3112897872924805,3.8658191606121304,,,40.64888381958008,,Thursday,12,62.14
2022-01-28 06:01:39,Solz,Biking,4.98,1233.0,4965,4.040372848510742,4.125031845219409,,,12.587843894958496,,Friday,6,62.75
2022-01-29 00:09:08,26th year,Biking,35.85,10541.0,16308,3.4011898040771484,4.900245980594096,,,199.25570678710935,,Saturday,0,94.36000000000001
2022-01-30 00:37:15,East coast casual ride,Biking,8.44,2264.0,2341,3.730976104736328,4.467106247480113,,,0.0,,Sunday,0,96.97000000000001
2022-01-31 09:04:31,Just a little ride before exercise ,Biking,6.68,1320.0,1487,5.065530300140381,3.290211622306313,,,38.3678092956543,,Monday,9,95.74000000000001
2022-02-02 00:03:01,Punggol PCN exploration ,Biking,17.41,6155.0,9836,2.829220056533813,5.8909050316452385,,,8.254146575927734,,Wednesday,0,99.12
2022-02-04 00:56:49,Looking for da 2.4 route,Biking,2.4,548.0,548,4.38594913482666,3.800013669635355,,,4.199999809265137,,Friday,0,84.35000000000001
2022-02-04 01:08:37,Finding da way,Biking,1.17,273.0,273,4.312124252319336,3.865071062760371,,,2.5,,Friday,1,76.93
2022-02-04 06:02:45,Friday 🙏,Biking,5.23,1413.0,3542,3.704614400863648,4.498893774958389,,,27.42388153076172,,Friday,6,77.18
2022-02-04 12:07:31,Base ,Run,2.4,884.0,884,2.720339298248291,6.126686725218005,,,4.021634578704834,214.7542266845703,Friday,12,43.73000000000001
2022-02-04 23:11:28,Seletus Sulfurus,Biking,37.18,9983.0,22409,3.725011348724365,4.474259299202992,,,120.84040069580078,,Friday,23,72.47000000000001
2022-02-06 00:16:59,Not a lazy Sunday,Biking,25.28,6332.0,17628,3.992353200912476,4.174647339032378,,,156.06468200683594,,Sunday,0,91.07000000000001
2022-02-07 13:08:33,First rain run,Run,4.34,1801.0,1819,2.413564682006836,6.905415376234554,,,6.099047660827637,388.1632385253906,Monday,13,78.00000000000001
2022-02-07 23:18:05,Tuesday Group Ride,Biking,30.47,6477.0,16200,4.7049174308776855,3.5423930199679527,,,117.05886840820312,,Monday,23,106.07000000000001
2022-02-11 23:59:20,Saturday Morning Ride with Parents,Biking,27.14,9965.0,20493,2.724057197570801,6.1183247846371565,,,105.68479919433594,,Friday,23,132.04000000000002
2022-02-14 09:23:12,Warm Up before sets,Biking,6.52,1286.0,1484,5.072978496551514,3.2853809015741455,,,31.950199127197266,,Monday,9,133.33
2022-02-15 12:07:49,Bike ride to the stadium and back,Biking,6.02,4081.0,5882,1.476010799407959,11.291696966818817,,,42.42162322998047,,Tuesday,12,136.95000000000002
2022-02-15 12:39:33,Felt like a cone,Run,2.42,695.0,1399,3.4828202724456787,4.785393836864034,,,52.57417678833008,234.940673828125,Tuesday,12,102.19
2022-02-17 09:16:36,Casual ride,Biking,7.81,2956.0,3929,2.644492626190185,6.302406178639139,,,47.18543243408203,,Thursday,9,84.72
2022-02-18 06:02:57,Friday 🙏,Biking,6.59,2039.0,4866,3.236199140548706,5.150074498765483,,,49.970481872558594,,Friday,6,86.97000000000001
2022-02-19 09:48:36,Bullish,Biking,6.02,1141.0,1294,5.278501510620117,3.157461759390246,,,26.87818145751953,,Saturday,9,62.52000000000001
2022-02-20 00:47:24,Easy ride,Biking,7.49,2287.0,2401,3.275470018386841,5.088328262236682,,,49.98737335205078,,Sunday,0,42.87000000000001
2022-02-21 10:04:16,Marsiling Ride,Biking,8.67,1710.0,1885,5.074918270111084,3.284125138492497,,,65.57273864746094,,Monday,10,45.02000000000001
2022-02-25 04:41:59,Friday Afternoon dings,Biking,4.75,1397.0,4699,3.405440092086792,4.894130043689488,,,30.85904693603516,,Friday,4,43.750000000000014
2022-02-26 00:11:33,Saturday morning,Biking,15.32,5128.0,12043,2.988551139831543,5.57683836978146,,,87.1269760131836,,Saturday,0,56.650000000000006
2022-03-02 04:59:53,Post IPPT & errand running,Biking,8.19,2625.0,4963,3.1197638511657715,5.342284692618252,,,42.92877197265625,231.04307556152344,Wednesday,4,57.03000000000001
2022-03-04 02:49:10,Errandings,Biking,5.78,1416.0,2292,4.087203502655029,4.077767758772,,,34.10997772216797,128.48391723632812,Friday,2,56.22000000000001
2022-03-04 06:01:31,Friday Dings,Biking,4.87,1238.0,3221,3.934507131576538,4.236024007405577,,,19.49608039855957,102.96359252929688,Friday,6,55.07000000000001
2022-03-19 00:51:27,Morning dings,Biking,11.81,3756.0,6222,3.1454365253448486,5.298681608219522,,,10.644688606262209,235.43380737304688,Saturday,0,59.39000000000001
2022-03-19 12:12:27,Half Island into Accidentally first Metric Century ride ,Biking,106.49,24822.0,41153,4.29017448425293,3.8848458793090135,,,347.22802734375,1933.62353515625,Saturday,12,157.21
2022-03-23 12:54:29,Night ride,Biking,24.13,6559.0,12466,3.679765224456787,4.529274464548761,,,159.3808135986328,455.3557434082031,Wednesday,12,176.59
2022-03-30 05:33:57,AfternoonRide,Biking,5.81,1140.0,1140,5.0987982749938965,3.268744078071341,0.0,,52.0,189.0,Wednesday,5,167.08
2022-04-01 04:52:31,Friday afternoon plus supply run,Biking,12.85,3242.0,8392,3.9647252559661865,4.203738113148289,,,55.42218399047852,264.5171813964844,Friday,4,171.74
2022-04-01 13:03:54,Group Ride before fasting month,Biking,29.27,6496.0,12667,4.506296157836914,3.6985289210700487,0.0,,153.0,1047.0,Friday,13,195.23000000000002
2022-04-08 15:13:54,NightRide,Biking,31.08,8190.0,13849,3.7957522869110103,4.390873114702127,0.0,,140.0,1291.0,Friday,15,221.44
2022-04-15 09:38:50,Afternoon Ride,Biking,13.53,4574.0,6523,2.958207130432129,5.634043165946948,,,29.48724937438965,354.9823913574219,Friday,9,223.16
2022-04-15 14:32:58,Night Ride,Biking,26.88,7515.0,8051,3.5773372650146484,4.658958725994883,,,86.6551513671875,467.058837890625,Friday,14,143.55
2022-04-22 14:42:35,NightRide,Biking,34.86,11164.0,20955,3.122731924057007,5.33720699438509,0.0,,162.0,1803.0,Friday,14,154.28000000000003
2022-05-06 08:57:00,The Return of the Shag,Biking,26.19,5170.0,6515,5.067187309265137,3.2891356978638573,0.0,,168.0,831.0,Friday,8,174.66000000000003
2022-05-08 00:01:31,MorningCycling,Biking,7.13,1845.0,2194,3.864303588867188,4.312980666084898,0.0,,73.0,295.0,Sunday,0,168.94000000000003
2022-05-18 00:57:20,North Eastern Exploration ,Biking,53.53,11620.0,15593,4.607012748718262,3.6176732246516092,0.0,,355.0,1886.0,Wednesday,0,193.20000000000002
2022-05-20 23:32:53,Morning Ride with the Dad,Biking,36.29,9047.0,14929,4.012087821960449,4.154113121711962,0.0,,276.0,1463.0,Friday,23,198.41000000000003
2022-05-27 13:01:56,WideArrive down the middle,Biking,100.16,25409.0,41035,3.9421966075897217,4.227761404537545,0.0,,493.0,3955.0,Friday,13,285.04
2022-06-10 01:28:40,New Bike Day ,Biking,52.38,9050.0,12480,5.788627624511719,2.879208639383248,0.0,,335.0,1469.0,Friday,1,310.54
2022-06-10 23:58:48,Easy Ride w Dad,Biking,20.77,4901.0,13047,4.239359378814697,3.931411606658027,0.0,,119.0,792.0,Friday,23,296.45
2022-06-12 01:18:47,Northside Loop,Biking,31.59,4531.0,5217,6.972604274749756,2.390307266830345,0.0,,216.0,733.0,Sunday,1,301.85
2022-06-18 12:06:58,EveningCycling,Biking,29.81,6032.0,8081,4.942143440246582,3.37235591564196,0.0,,105.0,976.0,Saturday,12,324.53000000000003
2022-06-18 12:35:26,Evening Ride with the Bois (tagged by XH),Biking,72.62,14252.0,21641,5.095989227294922,3.2705458986053917,,,302.5819702148437,1173.10546875,Saturday,12,343.62
2022-06-18 15:52:11,NightCycling,Biking,34.07,5717.0,8016,5.960334300994873,2.796263737066684,0.0,,225.0,925.0,Saturday,15,341.40000000000003
2022-06-18 18:34:07,NightCycling,Biking,10.15,1856.0,2089,5.47247838973999,3.045542710212244,0.0,,29.0,303.0,Saturday,18,251.39000000000001
2022-06-21 13:49:33,EveningCycling,Biking,26.08,4009.0,4874,6.505280494689941,2.562021219572492,0.0,,147.0,644.0,Tuesday,13,225.09
2022-06-22 03:19:12,Errand run,Biking,6.18,1469.0,2858,4.207753658294678,3.960941637781464,,,33.730953216552734,130.8539276123047,Wednesday,3,210.50000000000003
2022-06-24 14:59:37,NightCycling,Biking,24.59,4089.0,6901,6.015084266662598,2.770811833682586,0.0,,152.0,652.0,Friday,14,203.50000000000003
2022-06-25 09:22:54,EveningCycling,Biking,18.79,4044.0,5274,4.646646499633789,3.586816141055748,0.0,,131.0,655.0,Saturday,9,192.48000000000002
2022-06-27 00:39:07,Commute ,Biking,7.87,1822.0,2117,4.319753170013428,3.85824513825517,,,35.239986419677734,140.3832244873047,Monday,0,127.73
2022-06-27 12:55:03,EveningCycling,Biking,40.28,7515.0,13488,5.360798358917236,3.1089896598970324,0.0,,184.0,1221.0,Monday,12,133.94
2022-07-09 13:03:36,Night Ride,Biking,63.91,13749.0,22368,4.648405075073242,3.5854591838479264,0.0,,218.0,2226.0,Saturday,13,187.70000000000002
2022-07-15 12:18:05,EveningCycling pt 1,Biking,11.11,2082.0,2369,5.337881565093994,3.122337291193381,0.0,,37.0,334.0,Friday,12,172.73
2022-07-15 13:24:31,Road to 25kph: Mandai Loop ft XH,Biking,43.88,7391.0,13332,5.938013553619385,2.8067747768119977,0.0,,265.0,1192.0,Friday,13,210.43
2022-07-15 17:11:24,NightCycling Post Macs ,Biking,11.1,2062.0,2556,5.386605262756348,3.0940946762707955,0.0,,54.0,330.0,Friday,17,196.94000000000003
2022-07-22 13:43:51,EveningCycling,Biking,10.16,1747.0,2080,5.817887783050537,2.864728108923357,0.0,,34.0,285.0,Friday,13,188.31000000000003
2022-07-22 14:51:56,NightCycling,Biking,46.5,7842.0,17485,5.929527282714844,2.8107918004276065,0.0,,306.0,1272.0,Friday,14,226.94000000000003
2022-07-27 10:07:55,EveningCycling,Biking,4.11,644.0,701,6.385838508605957,2.609941771030636,0.0,,37.0,105.0,Wednesday,10,190.77
2022-07-30 00:01:01,MorningCycling,Biking,23.79,6192.0,13288,3.84311842918396,4.336755937600818,0.0,,135.0,994.0,Saturday,0,150.65000000000003
2022-08-05 14:49:24,Solo Ride,Biking,25.95,3744.0,4833,6.932141780853272,2.4042593463250226,0.0,,140.0,605.0,Friday,14,165.49
2022-08-14 00:13:51,Morning Ride,Biking,13.11,3986.0,5967,3.290943384170532,5.064403947765704,,,21.0,104.58849334716795,Sunday,0,134.72
2022-08-19 22:41:05,MorningCycling,Biking,10.29,1688.0,1911,6.098139762878418,2.733073906918745,0.0,,37.0,276.0,Friday,22,133.91000000000003
2022-08-19 23:36:20,Mount Faber Century ,Biking,90.75,19264.0,50834,4.71101188659668,3.537810361736737,0.0,,671.0,3070.0,Friday,23,214.5
2022-08-31 00:59:37,MorningCycling/where I fell while stationary,Biking,9.43,1939.0,2391,4.863630771636963,3.4267952172399654,0.0,,109.0,315.0,Wednesday,0,177.43
2022-09-09 22:28:10,Kitted and Fitted,Biking,125.03,20395.0,46963,6.130590915679932,2.718606884050785,0.0,,515.0,3318.0,Friday,22,298.35
2022-09-13 12:29:33,Family ride,Biking,44.78,6969.0,12855,6.42617130279541,2.5935609060742904,0.0,,284.0,1122.0,Tuesday,12,319.34000000000003
2022-09-16 23:33:04,MorningCycling,Biking,15.48,3701.0,5502,4.183958530426025,3.9834684176397914,0.0,,135.0,599.0,Friday,23,308.87
2022-09-20 00:30:43,Morning Run,Run,4.52,1892.0,2484,2.3905463218688965,6.971907013137019,,,85.7291488647461,440.4186401367188,Tuesday,0,300.28
2022-09-22 12:04:24,Evening Run,Run,4.46,1811.0,1939,2.466311454772949,6.757729902446978,167.54449462890625,83.0,6.793398380279541,435.0,Thursday,12,294.45000000000005
2022-09-23 22:31:38,Taking Souls ,Biking,82.79,12725.0,27359,6.50631046295166,2.561615644007502,0.0,,441.0,2062.0,Friday,22,286.49
2022-09-26 11:48:09,Evening Run,Run,4.75,1813.0,1818,2.6200826168060303,6.361122569098184,170.649169921875,95.0,8.016607284545898,426.0,Monday,11,281.81000000000006
2022-09-29 12:13:29,Evening Run,Run,4.23,1618.0,2273,2.615049362182617,6.373365989832042,155.4801788330078,47.0,73.91764831542969,357.0,Thursday,12,161.01000000000002
2022-09-30 12:14:41,Commute to HTNS Khatib,Biking,19.65,3644.0,12152,5.394108295440674,3.089790889210369,0.0,,94.0,577.0,Friday,12,135.88000000000002
2022-10-02 10:00:02,Evening Run,Run,4.87,1848.0,1860,2.636039018630981,6.322617589827047,168.0692901611328,85.0,3.738095283508301,451.0,Sunday,10,125.27000000000002
2022-10-05 12:58:46,Evening Run,Run,5.14,2232.0,2244,2.303924798965454,7.234032410324592,161.2947998046875,77.0,8.106159210205078,514.0,Wednesday,12,125.89000000000003
2022-10-08 12:00:10,Evening Run,Run,4.8,1933.0,3476,2.4873201847076416,6.70065187792687,156.381103515625,56.0,90.58992004394533,469.0,Saturday,12,126.23000000000003
2022-10-09 00:01:54,MorningCycling,Biking,17.46,4022.0,8930,4.342361927032471,3.838156963129167,0.0,,120.0,650.0,Sunday,0,60.90000000000003
2022-10-14 14:17:53,NightCycling,Biking,62.91,12292.0,28879,5.118446350097656,3.256196417170355,0.0,,378.0,1992.0,Friday,14,119.06000000000003
2022-10-16 09:29:44,Back at it after a week rest,Run,5.0,2211.0,2211,2.261420249938965,7.369999745565424,,,0.0,454.6116027832031,Sunday,9,119.83000000000001
2022-10-19 11:43:21,Back better than ever,Run,7.0,2455.0,2455,2.85132384300232,5.8452380663703885,,,0.0,636.4562377929688,Wednesday,11,107.18000000000004
2022-10-21 05:24:15,Afternoon Ride,Biking,2.54,704.0,839,3.61771297454834,4.606962128814945,111.5513687133789,2.0,13.391615867614746,82.0,Friday,5,104.85000000000002
2022-10-22 12:49:37,Evening Run,Run,5.44,2474.0,2576,2.200860977172852,7.572793938159636,136.84422302246094,31.0,94.78215026855467,470.0,Saturday,12,105.15000000000002
2022-10-23 23:14:21,Biggus ,Biking,92.5,18505.0,39667,4.998807907104492,3.334128251453587,0.0,,497.0,2963.0,Sunday,23,192.85000000000002
2022-10-25 12:42:54,Evening Run,Run,7.17,2902.0,3089,2.4737699031829834,6.737355258959928,162.07003784179688,105.0,16.272727966308594,688.0,Tuesday,12,182.56
2022-10-28 10:02:27,Evening Run,Run,4.91,2081.0,2118,2.361557006835937,7.057490722613134,150.3742218017578,49.0,87.8010482788086,427.0,Friday,10,124.56000000000002
2022-10-31 10:41:37,Evening Run,Run,5.95,2336.0,2346,2.547286033630371,6.542911336467963,160.2803955078125,78.0,12.649134635925291,530.0,Monday,10,125.51000000000003
2022-11-03 09:21:47,Upgradus,Run,6.31,2948.0,2953,2.1411194801330566,7.784089968501403,150.58921813964844,69.0,102.57380676269533,615.0,Thursday,9,124.82000000000002
2022-11-05 01:09:27,To the Beginning ,Biking,64.32,10708.0,17438,6.006901264190674,2.7745864187951175,0.0,,288.0,1731.0,Saturday,1,186.60000000000002
2022-11-06 12:00:08,Easy run,Run,4.9,1800.0,1800,2.722222328186035,6.122448741272566,,,0.0,445.5193786621094,Sunday,12,186.06000000000003
2022-11-09 09:53:28,Afternoon Run,Run,6.96,2878.0,2979,2.419308662414551,6.889020374123233,161.43209838867188,99.0,44.27691650390625,676.0,Wednesday,9,100.52000000000002
2022-11-12 12:11:51,Intervals 8x,Run,6.13,2977.0,2982,2.058827638626098,8.0952219379514,140.10980224609375,43.0,103.66004943847656,577.0,Saturday,12,99.48000000000002
2022-11-18 23:25:13,Morning Ride,Biking,60.56,10151.0,27033,5.966708660125732,2.793276430278307,0.0,,292.0,1632.0,Friday,23,155.13000000000002
2022-11-21 10:20:59,Ez 40,Run,6.28,2484.0,2510,2.5317471027374268,6.583069315511805,,,15.320612907409668,573.0469970703125,Monday,10,155.46000000000004
2022-11-24 12:13:22,Evening Run,Run,6.62,2499.0,2505,2.652560949325561,6.283236082060367,163.4190673828125,97.0,18.23082733154297,592.0,Thursday,12,155.77000000000004
2022-11-28 12:48:45,Evening Run,Run,2.43,743.0,753,3.279179096221924,5.082572856685081,174.56663513183594,41.0,3.773529529571533,184.0,Monday,12,93.88000000000004
2022-12-01 13:27:11,Night Run,Run,4.26,1807.0,1816,2.362158298492432,7.055694225617143,159.98446655273438,59.0,12.291712760925291,408.0,Thursday,13,93.24000000000002
2022-12-02 23:08:41,Morning Ride,Biking,84.79,19018.0,45017,4.458862781524658,3.7378738667906903,0.0,,444.0,3069.0,Friday,23,171.07000000000005
2022-12-05 01:00:44,Morning run,Run,4.0,1800.0,1800,2.222222328186035,7.499999642372148,,,,363.6892700195313,Monday,1,168.94000000000005
2022-12-07 02:10:27,Morning Run,Run,1.89,890.0,1378,2.124359607696533,7.845501583763645,146.47850036621094,16.0,35.48670959472656,171.0,Wednesday,2,110.27000000000004
2022-12-09 10:36:19,Evening Run,Run,6.57,2802.0,2807,2.3454389572143555,7.105990379925057,157.701416015625,83.0,19.02168655395508,626.0,Friday,10,110.56000000000003
2022-12-14 02:14:48,Morning Run,Run,4.01,1624.0,1920,2.4741010665893555,6.736453450401004,152.0934295654297,39.0,69.34082794189453,363.0,Wednesday,2,107.95000000000003
2022-12-16 13:24:22,Evening Ride aka FDR,Biking,109.64,24636.0,48232,4.450427055358887,3.74495895772471,0.0,,513.0,3938.0,Friday,13,215.16000000000003
2022-12-19 02:12:14,Morning Run,Run,2.5,644.0,1314,3.8937113285064697,4.280406342567667,,,54.07027816772461,245.39024353027344,Monday,2,213.40000000000003
2022-12-23 22:36:26,Morning Ride,Biking,80.47,13653.0,26472,5.894489288330078,2.827499695293936,0.0,,364.0,2217.0,Friday,22,209.08
2022-12-24 23:43:27,Morning Ride,Biking,20.29,4995.0,7133,4.062374591827393,4.10269075141331,109.19759368896484,19.0,88.1219482421875,626.0,Saturday,23,225.37000000000003
2022-12-26 01:06:19,Morning Run,Run,4.98,1966.0,2299,2.5354678630828857,6.573408761884917,153.11038208007812,52.0,84.47443389892578,424.0,Monday,1,228.46000000000004
2023-01-02 10:58:04,Evening Run,Run,3.61,1221.0,1230,2.95708441734314,5.636182237110841,170.2698974609375,60.0,8.627193450927734,288.0,Monday,10,225.50000000000003
2023-01-06 09:13:48,Evening Ride,Biking,25.61,4801.0,6687,5.3348388671875,3.1241181002066982,0.0,,101.0,706.0,Friday,9,247.10000000000002
2023-01-06 13:45:40,Round De'Island,Biking,155.03,32583.0,55388,4.758200645446777,3.5027246450011207,0.0,,596.0,4182.0,Friday,13,292.49
2023-01-08 05:24:48,Afternoon Ride,Biking,27.45,4763.0,5278,5.764531135559082,2.891244105501778,0.0,,133.0,760.0,Sunday,5,317.44000000000005
2023-01-14 00:04:52,Morning Ride,Biking,11.15,4282.0,8598,2.604236364364624,6.3998287155217435,103.93221282958984,12.0,6.595379829406738,451.0,Saturday,0,248.12000000000003
2023-01-15 09:46:23,Afternoon Run,Run,6.07,2235.0,2244,2.715937376022339,6.136616703245215,170.7568359375,114.0,9.733158111572266,538.0,Sunday,9,233.90000000000003
2023-01-21 01:22:42,Run for the hills ,Run,8.99,3922.0,4038,2.294135570526123,7.264900505790264,163.02337646484375,145.0,61.728641510009766,932.0,Saturday,1,237.91000000000003
2023-01-28 14:16:21,27th,Biking,50.79,8362.0,18005,6.074433326721191,2.7437401598188034,0.0,,234.0,1484.0,Saturday,14,285.09000000000003
2023-01-31 23:15:59,Morning Run,Run,5.95,2265.0,2275,2.6287639141082764,6.340115434945895,162.53028869628906,85.0,9.460000038146973,541.0,Tuesday,23,265.43
2023-02-13 09:58:26,Attempted run,Run,8.06,3331.0,3341,2.421549081802368,6.882646646278838,150.5499267578125,81.0,66.02349090576172,728.0,Monday,9,118.46000000000004
2023-02-15 10:49:51,Evening Run,Run,4.94,2759.0,2769,1.7928017377853394,9.296436028255481,121.74309539794922,10.0,10.428407669067385,491.0,Wednesday,10,95.95000000000003
2023-02-17 22:27:41,Return to Road. Ride to Hort Park,Biking,92.3,16205.0,41534,5.696186542510986,2.925934138968645,,,563.0,2112.939208984375,Friday,22,177.10000000000002
2023-02-20 13:40:54,Z2 run,Run,6.5,3888.0,3888,1.671810746192932,9.969230491322183,,,,622.9407348632812,Monday,13,177.53000000000003
2023-02-24 23:01:58,Morning Run,Run,11.17,5814.0,5866,1.921517014503479,8.673702361658943,150.80691528320312,142.0,35.17465591430664,1273.0,Friday,23,179.71000000000004
2023-02-27 12:10:50,Evening Run,Run,8.23,4036.0,4044,2.04086709022522,8.166463532334884,130.17771911621094,17.0,13.676875114440918,758.0,Monday,12,137.15
2023-03-01 09:12:35,Discovery run ,Run,4.42,2176.0,2211,2.032660722732544,8.1994336193309,,,23.88520812988281,431.0462646484375,Wednesday,9,135.62000000000003
2023-03-03 12:16:16,Evening Run,Run,4.16,2114.0,2127,1.9684863090515137,8.466742486361134,133.0679473876953,10.0,10.54285717010498,406.0,Friday,12,131.72000000000003
2023-03-05 00:46:03,Big Hike Big Rain Big Fun,Hike,22.52,19506.0,25711,1.1547574996948242,14.433044748417986,,,252.7678375244141,2158.70068359375,Sunday,0,149.3
2023-03-10 12:24:16,Evening Run,Run,6.5,3707.0,3719,1.755678415298462,9.493006533222864,134.0489501953125,20.0,33.938987731933594,713.0,Friday,12,63.50000000000003
2023-03-12 01:43:39,Morning Run,Run,5.17,1835.0,1841,2.8201417922973637,5.909868330801037,174.59405517578125,108.0,6.174229621887207,471.0,Sunday,1,62.17000000000003
2023-03-15 11:46:06,Evening Run,Run,3.4,1806.0,1817,1.883898138999939,8.846904363690337,124.22086334228516,7.0,7.679322719573975,311.0,Wednesday,11,54.40000000000003
2023-03-17 12:49:56,Big Climb ,Biking,94.8,18530.0,37028,5.116244316101074,3.257597885663091,0.0,,782.0,2593.0,Friday,12,140.97000000000003
2023-03-20 11:51:50,Evening Run,Run,7.09,2926.0,2926,2.422870635986328,6.878892508382653,156.8515625,86.0,8.0,532.0,Monday,11,143.64000000000001
2023-03-21 13:08:45,Calisthenics ,Weight Training,0.0,4154.0,4154,0.0,,119.1983642578125,20.0,0.0,324.0,Tuesday,13,139.48000000000002
2023-03-22 09:54:06,Afternoon Run,Run,5.35,2852.0,2855,1.8762272596359253,8.883074574825637,131.78033447265625,12.0,14.0,391.0,Wednesday,9,122.31000000000003
2023-03-23 14:41:07,Cali,Weight Training,0.0,3904.0,3904,0.0,,122.43289184570312,22.0,0.0,302.0,Thursday,14,115.81000000000003
2023-03-24 15:02:04,Night Run,Run,6.3,2781.0,2822,2.2658071517944336,7.355730452817795,147.4636688232422,62.0,25.0,589.0,Friday,15,116.94000000000003
2023-03-24 16:06:54,Night Walk,Walk,1.78,1347.0,1347,1.325078010559082,12.577875818522264,97.62190246582033,3.0,10.0,102.0,Friday,16,115.32000000000002
2023-03-26 14:55:31,Cali,Weight Training,0.0,2110.0,2110,0.0,,114.13838958740234,8.0,0.0,183.0,Sunday,14,20.520000000000028
2023-04-02 14:50:46,Night Training,Weight Training,0.0,3402.0,3402,0.0,,109.18782806396484,11.0,0.0,291.0,Sunday,14,13.430000000000028
2023-04-03 10:19:18,Evening Run,Run,4.62,1971.0,1975,2.3481125831604004,7.097899302696322,151.303466796875,49.0,5.0,421.0,Monday,10,18.05000000000003
2023-04-05 14:40:10,Night Cali,Weight Training,0.0,3897.0,3897,0.0,,119.30459594726562,21.0,0.0,349.0,Wednesday,14,12.700000000000028
2023-04-06 14:52:56,Night Run,Run,6.53,2786.0,2828,2.3465542793273926,7.102612887967772,154.9778289794922,79.0,12.0,601.0,Thursday,14,19.23000000000003
2023-04-09 14:35:56,Night Training,Weight Training,0.0,3813.0,3813,0.0,,126.4657745361328,24.0,0.0,317.0,Sunday,14,12.930000000000028
2023-04-10 14:47:38,Night Run,Run,4.8,2086.0,2153,2.302157163619995,7.2395868231947285,148.26544189453125,46.0,9.0,424.0,Monday,14,15.950000000000028
2023-04-12 14:57:25,Night Training,Weight Training,0.0,4489.0,4489,0.0,,123.61639404296876,39.0,0.0,436.0,Wednesday,14,15.950000000000028
2023-04-13 14:46:49,Night Run,Run,2.78,1345.0,1361,2.073338270187378,8.038566068218293,133.95675659179688,9.0,3.0,239.0,Thursday,14,18.73000000000003
2023-04-17 15:03:41,Night Training,Weight Training,0.0,2778.0,2778,0.0,,106.971923828125,8.0,0.0,170.0,Monday,15,14.110000000000028
2023-04-20 14:51:08,Night Training,Weight Training,0.0,3659.0,3659,0.0,,116.7144012451172,15.0,0.0,283.0,Thursday,14,14.110000000000028
2023-04-22 15:44:57,Night Run,Run,4.8,2073.0,2079,2.3167340755462646,7.194035276895912,142.70425415039062,31.0,7.0,387.0,Saturday,15,12.380000000000027
2023-04-24 12:55:59,Evening Cali,Weight Training,0.0,4479.0,4479,0.0,,121.16454315185548,24.0,0.0,337.0,Monday,12,12.380000000000027
2023-04-25 12:39:14,Evening Run,Run,5.09,2192.0,2204,2.326176881790161,7.164832045721503,151.0369110107422,54.0,7.0,427.0,Tuesday,12,12.670000000000027
2023-04-27 12:20:44,Evening Training,Weight Training,0.0,3840.0,3840,0.0,,110.73177337646484,13.0,0.0,328.0,Thursday,12,12.670000000000027
2023-04-28 12:29:41,Evening Run,Run,5.0,2225.0,2251,2.2473034858703613,7.416295472087433,140.01039123535156,23.0,6.0,417.0,Friday,12,14.890000000000029
2023-04-29 23:11:13,Morning Run,Run,5.5,2334.0,2358,2.3566880226135254,7.072071698392912,147.83152770996094,49.0,8.0,468.0,Saturday,23,20.39000000000003
2023-04-30 13:46:46,Evening Ride,Biking,69.7,12217.0,20675,5.705153942108154,2.9213351358768143,0.0,,330.0,1956.0,Sunday,13,90.09000000000003
2023-05-01 12:00:05,Evening training,Weight Training,0.0,3780.0,3780,0.0,,98.85872650146484,9.0,0.0,250.0,Monday,12,85.29000000000003
2023-05-02 09:45:31,Afternoon Run,Run,2.49,1046.0,1051,2.387667417526245,6.9803133151325785,154.30430603027344,28.0,5.0,215.0,Tuesday,9,87.78000000000003
2023-05-04 13:19:07,Night Training,Weight Training,0.0,3828.0,3828,0.0,,118.33411407470705,20.0,0.0,316.0,Thursday,13,82.69000000000003
2023-05-05 12:35:21,Evening Run,Run,5.0,2185.0,2211,2.2887916564941406,7.281862732842995,140.93118286132812,26.0,4.0,429.0,Friday,12,87.69000000000003
2023-05-07 03:02:01,Lunch Run,Run,5.0,2202.0,2210,2.2709672451019287,7.339016757116904,148.2717742919922,45.0,10.0,432.0,Sunday,3,87.69000000000003
2023-05-08 12:18:58,Night Cali,Weight Training,0.0,4676.0,4676,0.0,,112.5774154663086,17.0,0.0,323.0,Monday,12,82.19000000000003
2023-05-09 12:05:04,Evening Run,Run,2.49,1108.0,1116,2.254991054534912,7.3910123204919485,136.63876342773438,8.0,2.0,210.0,Tuesday,12,14.980000000000029
2023-05-12 12:08:58,Evening Run,Run,4.99,2149.0,2199,2.325732946395874,7.16619966728964,144.41322326660156,35.0,14.0,455.0,Friday,12,19.970000000000027
2023-05-13 23:07:43,Morning Run,Run,6.0,2696.0,2696,2.226216554641724,7.486543315795671,145.24302673339844,41.0,13.0,526.0,Saturday,23,23.480000000000025
2023-05-13 23:55:50,Morning Walk,Walk,1.56,1238.0,1310,1.263966083526611,13.186007824011183,109.6700439453125,3.0,14.0,135.0,Saturday,23,25.040000000000028
2023-05-15 12:20:16,Evening Training,Weight Training,0.0,4375.0,4375,0.0,,125.12822723388672,21.0,0.0,363.0,Monday,12,20.040000000000028
2023-05-17 10:34:56,Evening Run,Run,3.0,1044.0,1071,2.8763601779937744,5.794360106282468,157.3378143310547,32.0,3.0,250.0,Wednesday,10,18.040000000000028
2023-05-19 13:10:57,Night Ride,Biking,63.5,11587.0,27052,5.481039047241211,3.040785975618173,109.468994140625,49.0,198.0,1167.0,Friday,13,81.54000000000002
2023-05-22 12:00:24,Evening Run,Run,2.4,720.0,724,3.33477783203125,4.997834190505824,171.08251953125,37.0,6.0,199.0,Monday,12,81.45000000000003
2023-05-26 09:28:54,2.4,Run,2.4,687.0,687,3.4934499263763428,4.7708331357004825,,,,230.0089111328125,Friday,9,78.86000000000003
2023-05-26 22:57:29,Morning Ride,Biking,6.06,1033.0,1253,5.866979598999023,2.840757562802877,140.68508911132812,16.0,7.0,158.0,Friday,22,78.92000000000002
2023-05-28 00:04:23,Morning Ride,Biking,5.91,991.0,1401,5.9650959968566895,2.7940315923581407,124.17676544189452,5.0,26.0,128.0,Sunday,0,83.27000000000002
2023-05-28 12:57:55,Evening Run,Run,6.99,3163.0,3167,2.2123491764068604,7.533470233544,139.7437744140625,34.0,18.0,645.0,Sunday,12,90.26000000000002
2023-05-28 13:54:36,Night Walk,Walk,1.56,1289.0,1441,1.2128549814224243,13.741681340270512,97.72830200195312,3.0,15.0,119.0,Sunday,13,88.82000000000002
2023-05-29 23:17:13,Morning Ride,Biking,6.02,932.0,1189,6.464913845062256,2.5780183721081236,136.65240478515625,11.0,12.0,130.0,Monday,23,31.34000000000003
2023-05-31 00:22:23,Morning Ride,Biking,5.93,1063.0,1513,5.578861713409424,2.9874672509996887,132.55587768554688,10.0,23.0,148.0,Wednesday,0,34.87000000000003
2023-05-31 10:41:27,Evening Run,Run,3.02,1129.0,1129,2.6747829914093018,6.23103508591,160.28546142578125,39.0,5.0,265.0,Wednesday,10,35.49000000000003
2023-06-01 23:19:36,Morning Ride,Biking,5.98,914.0,1348,6.5439276695251465,2.5468904163294437,134.17601013183594,10.0,8.0,133.0,Thursday,23,35.410000000000025
2023-06-03 00:06:44,Morning Ride,Biking,6.81,1168.0,1503,5.833022594451904,2.8572950638866397,138.01898193359375,15.0,24.0,173.0,Saturday,0,36.31000000000003
2023-06-04 01:43:34,Morning Run,Run,5.0,2031.0,2043,2.462323904037476,6.768673544263738,147.1136932373047,38.0,5.0,433.0,Sunday,1,34.32000000000003
2023-06-04 23:19:39,Morning Ride,Biking,6.05,959.0,1428,6.308561325073242,2.6419124437176125,120.0626983642578,5.0,9.0,113.0,Sunday,23,38.81000000000003
2023-06-05 09:14:16,Afternoon Weight Training,Weight Training,0.0,4131.0,4131,0.0,,127.08666229248048,25.0,0.0,380.0,Monday,9,32.79000000000003
2023-06-06 00:59:27,Morning Ride,Biking,6.77,1575.0,1795,4.30047607421875,3.875539912100181,122.1954574584961,8.0,29.0,193.0,Tuesday,0,33.630000000000024
2023-06-07 10:36:09,Evening Run,Run,3.0,1253.0,1261,2.393455743789673,6.963432146139263,137.0185089111328,9.0,4.0,264.0,Wednesday,10,33.61000000000003
2023-06-08 12:26:25,Evening Weight Training,Weight Training,0.0,3519.0,3519,0.0,,117.92554473876952,12.0,0.0,358.0,Thursday,12,27.630000000000027
2023-06-09 12:15:34,Evening Run,Run,4.99,2055.0,2085,2.4318735599517822,6.853426486119256,139.8545379638672,22.0,11.0,432.0,Friday,12,25.81000000000003
2023-06-10 23:26:31,Morning Run,Run,8.0,3322.0,3344,2.4084014892578125,6.920219382443069,146.29190063476562,63.0,16.0,725.0,Saturday,23,28.81000000000003
2023-06-12 09:15:26,Cali verticals,Weight Training,0.0,4056.0,4056,0.0,,128.000732421875,27.0,0.0,385.0,Monday,9,22.760000000000026
2023-06-14 12:12:21,Evening Run,Run,4.0,2033.0,2039,1.9684160947799685,8.467044498805363,133.74290466308594,11.0,3.0,359.0,Wednesday,12,26.760000000000026
2023-06-15 12:07:09,Cali Horizontals,Weight Training,0.0,3524.0,3524,0.0,,125.29540252685548,14.0,0.0,355.0,Thursday,12,19.99000000000003
2023-06-15 23:40:28,Morning Run,Run,5.0,2355.0,2407,2.1227176189422607,7.851570325671288,137.6592254638672,20.0,10.0,457.0,Thursday,23,21.99000000000003
2023-06-18 00:19:17,Morning Run,Run,5.0,2326.0,2336,2.1498193740844727,7.752589295444588,134.86146545410156,16.0,18.0,434.0,Sunday,0,26.99000000000003
2023-06-19 13:30:28,Cali verts,Weight Training,0.0,3065.0,3065,0.0,,124.23751831054688,12.0,0.0,274.0,Monday,13,22.00000000000003
2023-06-21 12:00:38,Evening Run,Run,3.99,1627.0,1627,2.4569759368896484,6.783406551293068,142.3134002685547,23.0,7.0,326.0,Wednesday,12,17.99000000000003
2023-06-23 13:33:43,Night Run,Run,10.03,4511.0,4640,2.224759340286255,7.49144699153042,144.5646514892578,73.0,23.0,883.0,Friday,13,28.020000000000028
2023-06-25 14:38:13,Night Run,Run,4.99,2188.0,2192,2.2835922241210938,7.298442554944902,146.35946655273438,42.0,6.0,438.0,Sunday,14,29.010000000000026
2023-06-27 12:32:34,Cali Horizontals ,Weight Training,0.0,3929.0,3929,0.0,,118.21582794189452,15.0,0.0,381.0,Tuesday,12,29.010000000000026
2023-06-28 12:04:02,Evening Run,Run,4.0,1654.0,1660,2.4180774688720703,6.89252800260405,147.96490478515625,35.0,10.0,343.0,Wednesday,12,28.010000000000026
2023-06-29 13:31:11,Night Run,Run,4.99,2365.0,2374,2.113107919692993,7.887276608706343,127.78146362304688,9.0,11.0,399.0,Thursday,13,28.00000000000003
2023-06-30 13:39:26,Night Weight Training,Weight Training,0.0,4182.0,4182,0.0,,118.53634643554688,17.0,0.0,394.0,Friday,13,28.00000000000003
2023-07-02 10:47:47,Evening Run,Run,6.44,2821.0,2821,2.282888889312744,7.300691130738347,155.18310546875,79.0,0.0,583.0,Sunday,10,30.450000000000028
2023-07-03 12:46:12,Evening Weight Training,Weight Training,0.0,4305.0,4305,0.0,,121.06759643554688,19.0,0.0,373.0,Monday,12,20.42000000000003
2023-07-05 14:07:35,Night Run,Run,5.1,1715.0,1719,2.976862907409668,5.598735039219274,165.818603515625,72.0,7.0,424.0,Wednesday,14,20.53000000000003
2023-07-06 15:51:49,Night Run,Run,5.0,2312.0,2339,2.1626298427581787,7.706666363861095,132.12173461914062,12.0,8.0,443.0,Thursday,15,25.53000000000003
2023-07-07 13:12:24,Night Training,Weight Training,0.0,2270.0,2270,0.0,,120.37841033935548,9.0,0.0,197.0,Friday,13,21.53000000000003
2023-07-09 10:17:13,Evening Run,Run,10.33,4279.0,4282,2.415449857711792,6.900025936557989,148.05557250976562,83.0,16.0,904.0,Sunday,10,26.870000000000026
2023-07-11 12:57:00,Evening Cali,Weight Training,0.0,4339.0,4339,0.0,,119.61442565917967,16.0,0.0,377.0,Tuesday,12,26.870000000000026
2023-07-12 12:13:53,Evening Run,Run,5.0,2199.0,2207,2.2745521068573,7.327449925820625,137.0880889892578,19.0,12.0,420.0,Wednesday,12,25.430000000000028
2023-07-13 12:03:16,Evening Run,Run,5.0,2209.0,2242,2.263033151626587,7.364747023121277,136.01097106933594,18.0,7.0,437.0,Thursday,12,30.430000000000028
2023-07-14 14:19:54,NightTraining,Weight Training,0.0,3845.0,3845,0.0,,118.53680419921876,14.0,0.0,361.0,Friday,14,25.330000000000027
2023-07-15 00:33:24,Morning Run,Run,5.05,2191.0,2195,2.306992292404175,7.224413675564522,142.62294006347656,30.0,10.0,434.0,Saturday,0,25.380000000000027
2023-07-17 13:01:41,Calisthenics,Weight Training,0.0,4248.0,4248,0.0,,124.98258209228516,18.0,0.0,399.0,Monday,13,25.380000000000027
2023-07-18 11:55:05,Evening Run,Run,2.49,1025.0,1036,2.437073230743408,6.838804208432688,137.47549438476562,9.0,8.0,202.0,Tuesday,11,17.540000000000028
2023-07-20 13:04:22,Cali,Weight Training,0.0,3883.0,3883,0.0,,121.87664031982422,19.0,0.0,331.0,Thursday,13,17.540000000000028
2023-07-21 12:14:24,Evening Run,Run,4.99,2034.0,2053,2.457227230072021,6.782712832861685,149.4585723876953,45.0,18.0,435.0,Friday,12,17.53000000000003
2023-07-22 09:55:14,Afternoon Run,Run,5.61,2426.0,2445,2.31225061416626,7.207984534442971,138.14590454101562,22.0,13.0,481.0,Saturday,9,18.14000000000003
2023-07-24 12:39:11,Cali,Weight Training,0.0,4503.0,4503,0.0,,128.0028839111328,28.0,0.0,349.0,Monday,12,18.14000000000003
2023-07-25 11:46:13,Evening Run,Run,2.52,1073.0,1073,2.3496365547180176,7.093295613400453,137.1016845703125,10.0,7.0,203.0,Tuesday,11,15.610000000000028
2023-07-26 11:51:53,Final base building run,Run,5.08,2189.0,2197,2.32187294960022,7.178113113181465,142.94729614257812,32.0,10.0,429.0,Wednesday,11,20.690000000000026
2023-07-27 12:48:24,Cali,Weight Training,0.0,3929.0,3929,0.0,,125.3820343017578,22.0,0.0,290.0,Thursday,12,18.20000000000003
2023-07-31 12:11:44,Evening Run 1.1,Run,5.06,2231.0,2237,2.2716450691223145,7.336826907165604,140.61131286621094,28.0,9.0,434.0,Monday,12,23.26000000000003
2023-08-01 12:07:06,Evening cali,Weight Training,0.0,5736.0,5736,0.0,,138.75714111328125,66.0,0.0,553.0,Tuesday,12,18.270000000000028
2023-08-02 12:18:33,Evening Run 1.2,Run,5.18,2335.0,2351,2.21821403503418,7.513552075424431,135.40223693847656,17.0,12.0,445.0,Wednesday,12,17.84000000000003
2023-08-03 12:49:04,Evening cali,Weight Training,0.0,2520.0,2520,0.0,,98.49603271484376,6.0,0.0,139.0,Thursday,12,17.84000000000003
2023-08-03 23:10:20,Morning Run 1.3,Run,5.02,2145.0,2154,2.3443589210510254,7.109264079407538,142.0116729736328,30.0,11.0,433.0,Thursday,23,20.34000000000003
2023-08-05 10:05:31,Evening Run,Run,10.25,4616.0,4681,2.2205371856689453,7.50569131389969,153.31536865234375,113.0,39.0,973.0,Saturday,10,25.510000000000026
2023-08-06 00:59:14,Morning Ride,Biking,23.49,3444.0,4164,6.822494029998779,2.4428994138188567,149.76702880859375,79.0,129.0,626.0,Sunday,0,49.00000000000003
2023-08-06 23:16:50,Morning Run 2.1,Run,5.05,2192.0,2205,2.304940700531006,7.23084401382953,149.56716918945312,48.0,7.0,464.0,Sunday,23,48.99000000000002
2023-08-07 12:20:10,Cali H,Weight Training,0.0,5361.0,5361,0.0,,124.8802490234375,24.0,0.0,422.0,Monday,12,48.99000000000002
2023-08-09 02:02:25,Morning Run 2.2,Run,5.12,2133.0,2139,2.402545690536499,6.937086246607417,149.64520263671875,47.0,11.0,467.0,Wednesday,2,48.93000000000003
2023-08-10 13:53:41,Cali V,Weight Training,0.0,4574.0,4574,0.0,,109.8399658203125,14.0,0.0,423.0,Thursday,13,48.93000000000003
2023-08-11 12:08:04,Evening Run 2.3,Run,5.13,2334.0,2340,2.1982946395874023,7.581634584613658,134.94046020507812,15.0,11.0,464.0,Friday,12,49.04000000000003
2023-08-12 00:31:11,Morning Run 2.4,Run,11.52,5540.0,5607,2.0800180435180664,8.012751004062098,146.57826232910156,99.0,76.0,1103.0,Saturday,0,50.31000000000003
2023-08-13 22:51:15,Morning Run 3.1,Run,5.06,2056.0,2066,2.463078737258911,6.766599221758748,143.80917358398438,32.0,6.0,456.0,Sunday,22,31.88000000000003
2023-08-14 12:57:18,Ring Cali ,Weight Training,0.0,3270.0,3270,0.0,,106.60397338867188,9.0,0.0,319.0,Monday,12,26.83000000000003
2023-08-16 12:56:10,Evening Run 3.2,Run,5.06,2155.0,2170,2.349350452423096,7.094159430099854,144.8117218017578,36.0,5.0,461.0,Wednesday,12,31.89000000000003
2023-08-17 12:20:17,Cali V,Weight Training,0.0,5110.0,5110,0.0,,116.23542022705078,18.0,0.0,589.0,Thursday,12,26.77000000000003
2023-08-18 12:10:05,Evening Run 3.3,Run,6.7,2981.0,3013,2.2489466667175293,7.410876795487842,135.5890655517578,21.0,20.0,577.0,Friday,12,33.470000000000034
2023-08-18 23:35:23,Morning Run 3.4,Run,8.05,3591.0,3595,2.241762638092041,7.434625942758876,146.3298797607422,66.0,29.0,711.0,Friday,23,36.39000000000003
2023-08-19 00:39:26,Morning Walk,Walk,3.26,2741.0,3159,1.1894710063934326,14.011830954334297,95.71428680419922,6.0,24.0,271.0,Saturday,0,28.13000000000003
2023-08-21 12:41:17,Evening Weight Training,Weight Training,0.0,4885.0,4885,0.0,,112.97052001953124,16.0,0.0,544.0,Monday,12,23.070000000000036
2023-08-21 14:19:44,Night Run 4.1,Run,5.12,2164.0,2188,2.3680222034454346,7.038222294713678,141.99209594726562,31.0,10.0,447.0,Monday,14,28.190000000000033
2023-08-23 12:15:46,Evening Run 4.2,Run,5.05,2143.0,2158,2.356453418731689,7.072775779984289,139.2590789794922,22.0,10.0,428.0,Wednesday,12,28.18000000000003
2023-08-24 12:35:38,Rings,Weight Training,0.0,4562.0,4562,0.0,,111.84326934814452,14.0,0.0,547.0,Thursday,12,28.180000000000035
2023-08-25 15:49:19,Night Run 4.3,Run,6.53,2788.0,2817,2.342001438140869,7.11642033827999,131.38804626464844,14.0,20.0,522.0,Friday,15,28.010000000000034
2023-08-25 23:50:42,Long Run 4.4,Run,14.58,5934.0,5972,2.4581446647644043,6.780181372386417,150.1251678466797,125.0,13.0,1286.0,Friday,23,34.540000000000035
2023-08-27 10:02:03,Evening Ride 4.5,Biking,17.81,3044.0,3196,5.851287841796875,2.8483757964551772,139.28854370117188,44.0,98.0,489.0,Sunday,10,49.09000000000003
2023-08-28 12:41:42,Evening Weight Training,Weight Training,0.0,4501.0,4501,0.0,,113.97444915771484,15.0,0.0,462.0,Monday,12,49.09000000000003
2023-08-28 14:14:15,Night Run 5.1,Run,5.01,2169.0,2206,2.3122129440307617,7.208101965562275,143.6329345703125,34.0,3.0,454.0,Monday,14,48.980000000000025
2023-08-30 14:13:44,Night Run 5.2,Run,5.3,2162.0,2187,2.45403790473938,6.7915278058578625,134.09376525878906,12.0,9.0,461.0,Wednesday,14,49.23000000000003
2023-08-31 12:41:00,Evening Weight Training,Weight Training,0.0,3508.0,3508,0.0,,118.23517608642578,13.0,0.0,374.0,Thursday,12,49.23000000000003
2023-09-01 23:31:08,Long Run 5.3,Run,16.04,6765.0,6769,2.37214469909668,7.025990730250724,168.55360412597656,319.0,23.0,1702.0,Friday,23,58.74000000000002
2023-09-04 13:16:19,Night Weight Training,Weight Training,0.0,3586.0,3586,0.0,,102.52928161621094,9.0,0.0,402.0,Monday,13,44.160000000000025
2023-09-04 14:37:13,Night Run 6.1,Run,5.14,1985.0,2005,2.59317398071289,6.427130146541432,142.87741088867188,29.0,9.0,455.0,Monday,14,31.49000000000003
2023-09-06 12:45:59,Evening Run 6.2,Run,5.14,2195.0,2223,2.342924833297729,7.113615609770924,136.91001892089844,15.0,3.0,444.0,Wednesday,12,36.63000000000003
2023-09-07 12:48:41,Evening Weight Training,Weight Training,0.0,3451.0,3451,0.0,,116.24137878417967,13.0,0.0,387.0,Thursday,12,31.620000000000033
2023-09-08 14:11:18,Night Run 6.3,Run,8.07,3587.0,3595,2.252288818359375,7.399879860348947,135.4752197265625,23.0,22.0,711.0,Friday,14,34.39000000000003
2023-09-09 12:51:30,Evening Run 6.4,Run,11.59,4684.0,4752,2.4750747680664062,6.733803310389329,146.99473571777344,86.0,44.0,1017.0,Saturday,12,45.98000000000003
2023-09-10 11:04:50,Evening Swim,Swim,200.0,360.0,880,0.5555555820465088,29.999998569488593,113.8204574584961,4.0,0.0,33.0,Sunday,11,229.94000000000003
2023-09-11 12:46:58,Evening rings,Weight Training,0.0,3704.0,3704,0.0,,99.91414642333984,9.0,0.0,415.0,Monday,12,229.94000000000003
2023-09-11 14:32:29,Night Run 7.1,Run,5.05,2256.0,2268,2.241006135940552,7.437135668382118,135.11997985839844,12.0,11.0,432.0,Monday,14,229.85000000000005
2023-09-14 12:58:46,Evening Weight Training,Weight Training,0.0,3734.0,3734,0.0,,118.51338958740234,15.0,0.0,392.0,Thursday,12,224.71000000000004
2023-09-14 14:13:15,Night Run 7.2,Run,2.72,1216.0,1251,2.2398600578308105,7.440941057187063,138.83457946777344,11.0,7.0,246.0,Thursday,14,227.43000000000004
2023-09-15 13:12:48,Night Run 7.3,Run,9.6,3905.0,3943,2.4588782787323,6.778158484225311,139.69400024414062,41.0,11.0,836.0,Friday,13,228.96000000000004
2023-09-15 23:30:02,Morning Run Long Run 7.4,Run,19.57,8951.0,9013,2.187164545059204,7.620216185525043,158.04408264160156,275.0,31.0,1921.0,Friday,23,236.94000000000003
2023-09-17 10:45:11,Evening Swim -- Cross Training 7.5,Swim,450.0,548.0,2106,0.8211678862571716,20.296296221022747,103.57962036132812,7.0,0.0,67.0,Sunday,10,486.94000000000005
2023-09-19 12:54:51,Evening Weight Training,Weight Training,0.0,4194.0,4194,0.0,,110.64353942871094,13.0,0.0,544.0,Tuesday,12,486.94000000000005
2023-09-19 14:22:39,Recovery run 8.1,Run,5.1,2691.0,2783,1.8954960107803345,8.792773275109855,121.64703369140624,10.0,5.0,461.0,Tuesday,14,486.99000000000007
2023-09-20 12:11:06,Evening Run 8.2,Run,5.04,2190.0,2202,2.301100492477417,7.242911259700334,133.07742309570312,11.0,5.0,414.0,Wednesday,12,492.03000000000003
2023-09-22 13:01:41,Night Run 9.3,Run,9.53,4389.0,4401,2.1723101139068604,7.672323836255575,128.61509704589844,18.0,15.0,786.0,Friday,13,498.8400000000001
2023-09-22 23:35:59,First Half Marathon,Run,21.14,8575.0,8603,2.4654157161712646,6.760185131191435,159.44590759277344,284.0,36.0,1961.0,Friday,23,510.38000000000005
2023-09-26 10:35:07,Evening Run 10.1,Run,5.03,2157.0,2169,2.3328559398651123,7.14431885049462,135.18804931640625,13.0,13.0,438.0,Tuesday,10,495.84000000000003
2023-09-27 13:03:47,Night Weight Training,Weight Training,0.0,1386.0,1386,0.0,,109.84343719482422,4.0,0.0,194.0,Wednesday,13,45.84000000000005
2023-09-27 13:39:36,Night Run 10.2,Run,6.6,2845.0,2896,2.322365522384644,7.176590638304453,134.9766082763672,19.0,7.0,580.0,Wednesday,13,52.440000000000055
2023-09-29 12:47:06,Evening Run 10.3,Run,11.61,4749.0,4843,2.444859981536865,6.8170229757656,138.49884033203125,45.0,58.0,997.0,Friday,12,58.95000000000005
2023-09-30 00:51:31,Morning Run 10.4,Run,16.06,7770.0,7837,2.067401647567749,8.061649117032784,148.54904174804688,151.0,58.0,1551.0,Saturday,0,69.97000000000006
2023-10-02 13:05:44,Night Run 11.1,Run,9.2,3864.0,3894,2.381309509277344,6.9989502001881725,147.47586059570312,70.0,18.0,829.0,Monday,13,69.64000000000004
2023-10-04 12:55:53,Evening Run 11.2,Run,14.39,6459.0,6599,2.229215145111084,7.476472920623437,135.77285766601562,45.0,65.0,1259.0,Wednesday,12,62.89000000000005
2023-10-06 13:01:09,Night Run 11.3,Run,5.07,2316.0,2326,2.189680337905884,7.611461078654956,129.79920959472656,10.0,10.0,419.0,Friday,13,62.93000000000006
2023-10-06 14:49:04,Night Weight Training,Weight Training,0.0,2409.0,2409,0.0,,119.22997283935548,8.0,0.0,244.0,Friday,14,62.93000000000006
2023-10-06 23:46:31,Long Run 11.4 (Real),Run,22.4,9754.0,9822,2.2967469692230225,7.256640322161789,149.1473388671875,175.0,35.0,2078.0,Friday,23,78.73000000000005
2023-10-08 13:22:43,Night Weight Training,Weight Training,0.0,2452.0,2452,0.0,,98.14967346191406,6.0,0.0,244.0,Sunday,13,67.12000000000006
2023-10-10 12:51:23,Evening Run 12.1,Run,6.53,2950.0,2975,2.2157795429229736,7.521807266385636,135.94300842285156,21.0,7.0,564.0,Tuesday,12,57.59000000000005
2023-10-11 13:07:48,Night Run 12.2,Run,13.02,5834.0,5848,2.231564998626709,7.468600142466488,138.0382537841797,48.0,22.0,1127.0,Wednesday,13,61.41000000000005
2023-10-13 12:58:07,Evening Run 12.3,Run,6.58,2927.0,2945,2.2505979537963867,7.405439358261548,137.9691925048828,25.0,8.0,573.0,Friday,12,53.60000000000006
2023-10-13 22:29:44,Morning Run 12.4,Run,26.16,12022.0,12081,2.176245212554932,7.658450697796066,150.40609741210938,253.0,46.0,2277.0,Friday,22,74.69000000000005
2023-10-15 13:32:28,Cali,Weight Training,0.0,2103.0,2103,0.0,,103.93009948730467,6.0,0.0,253.0,Sunday,13,74.69000000000005
2023-10-17 12:41:02,Evening Run 13.1 ft some speed,Run,9.59,4117.0,4215,2.3297836780548096,7.153739990393466,145.63279724121094,75.0,22.0,818.0,Tuesday,12,61.88000000000005
2023-10-18 12:56:27,Evening Run 13.2,Run,12.99,5227.0,5235,2.4867992401123047,6.7020555571321445,137.6278076171875,58.0,18.0,1009.0,Wednesday,12,74.87000000000006
2023-10-20 12:17:42,Evening Run 13.3,Run,6.54,2986.0,2991,2.1919591426849365,7.603548050741321,128.41534423828125,12.0,11.0,511.0,Friday,12,74.88000000000005
2023-10-20 14:05:17,Rings,Weight Training,0.0,2850.0,2850,0.0,,96.59297943115234,6.0,0.0,156.0,Friday,14,61.860000000000056
2023-10-21 09:58:45,Longus runnus 13.4,Run,19.62,10310.0,10444,1.902933120727539,8.758409050284742,131.56069946289062,45.0,4.0,1813.0,Saturday,9,74.90000000000006
2023-10-22 10:01:53,Evening Weight Training,Weight Training,0.0,3333.0,3333,0.0,,113.29853057861328,11.0,0.0,431.0,Sunday,10,48.74000000000006
2023-10-23 13:23:29,Night Run 14.1,Run,5.19,2109.0,2121,2.464438199996948,6.762866549742374,144.5194091796875,30.0,9.0,433.0,Monday,13,53.93000000000006
2023-10-25 13:43:35,Night Run 14.2,Run,14.53,6034.0,6107,2.4088830947875977,6.918835830070136,144.20443725585938,100.0,30.0,1221.0,Wednesday,13,58.87000000000006
2023-10-27 14:14:20,Night Run 14.3,Run,8.57,4016.0,4087,2.1346240043640137,7.807776279379143,134.87290954589844,24.0,19.0,748.0,Friday,14,54.45000000000006
2023-10-27 22:47:24,Long Run 14.4,Run,30.04,15394.0,15511,1.9517279863357544,8.539441348052438,143.1339111328125,253.0,53.0,2695.0,Friday,22,77.95000000000006
2023-10-31 13:01:36,Night Run 15.1,Run,5.18,2278.0,2309,2.2775723934173584,7.317733001522446,135.67283630371094,14.0,6.0,424.0,Tuesday,13,83.13000000000005
2023-11-04 08:42:51,Afternoon Run 15.2,Run,22.52,9872.0,10090,2.281351327896118,7.305611574538504,150.42384338378906,227.0,0.0,2004.0,Saturday,8,86.03000000000006
2023-11-07 15:59:33,Peak Week Run 16.1,Run,8.14,3038.0,3043,2.680450916290283,6.217859303214984,147.34844970703125,60.0,21.0,658.0,Tuesday,15,94.17000000000006
2023-11-09 13:20:19,Mid week run - Peak Week 16.2,Run,16.14,7498.0,7660,2.153769016265869,7.738372379208409,136.3023223876953,52.0,82.0,1397.0,Thursday,13,105.12000000000006
2023-11-10 12:31:22,Recovery Run - Peak week 16.3,Run,8.03,4080.0,4105,1.968421578407288,8.467020911319308,124.40110778808594,15.0,14.0,661.0,Friday,12,98.62000000000006
2023-11-11 08:46:59,Peak Week Long Run 16.4,Run,32.07,14814.0,15947,2.1650984287261963,7.6978794338104315,150.16473388671875,319.0,0.0,3001.0,Saturday,8,122.12000000000006
2023-11-11 13:39:36,Night Walk,Walk,1.67,1522.0,2001,1.0972404479980469,15.189621105451932,107.25735473632812,4.0,5.0,188.0,Saturday,13,93.75000000000006
2023-11-13 12:07:20,Evening Run 17.1 Start of Taper Weeks,Run,10.39,4496.0,4647,2.3127224445343018,7.20651399654779,154.9978790283203,115.0,16.0,958.0,Monday,12,98.96000000000005
2023-11-15 14:04:14,Tapering Week 17.2,Run,11.2,4399.0,4428,2.546190023422241,6.545727739623144,143.56092834472656,69.0,25.0,910.0,Wednesday,14,87.64000000000006
2023-11-17 12:19:39,Taper Week 17.3 Easy Run,Run,4.8,2107.0,2131,2.278908491134644,7.313442699214532,129.86553955078125,10.0,3.0,377.0,Friday,12,84.30000000000005
2023-11-17 23:28:53,Long Run 17.4,Run,23.99,10030.0,10036,2.3923230171203613,6.966729219839355,155.50991821289062,294.0,44.0,2123.0,Friday,23,92.15000000000005
2023-11-20 12:32:47,Speed work 18.1,Run,7.19,2860.0,3017,2.5167832374572754,6.622209818714909,151.74575805664062,63.0,13.0,639.0,Monday,12,91.31000000000004
2023-11-22 12:32:08,Tempo 18.2,Run,8.0,3269.0,3296,2.447304964065552,6.810212421985772,146.62730407714844,61.0,8.0,688.0,Wednesday,12,67.24000000000005
2023-11-24 14:38:34,Easy run 18.3,Run,4.8,2196.0,2204,2.186675786972046,7.621919429466719,127.96613311767578,9.0,7.0,386.0,Friday,14,70.37000000000005
2023-11-25 09:40:55,Final Long Run 18.4,Run,15.99,6443.0,6601,2.482616901397705,6.713346170036702,157.07843017578125,192.0,0.0,1438.0,Saturday,9,75.97000000000006
2023-11-27 13:18:41,Night Run 19.1 Race Week,Run,7.2,2987.0,2999,2.41098427772522,6.912806035546519,147.46588134765625,56.0,13.0,627.0,Monday,13,71.97000000000006
2023-11-29 12:54:26,Evening Run 19.3,Run,7.3,3340.0,3398,2.1870689392089844,7.620549296765487,134.99789428710938,22.0,7.0,635.0,Wednesday,12,74.47000000000006
2023-12-01 02:21:26,Final Run Before SCSM2023,Run,3.57,1570.0,1588,2.277407646179199,7.3182623649430045,139.32969665527344,15.0,7.0,288.0,Friday,2,54.050000000000054
2023-12-02 21:23:02,Standard Chartered Singapore Marathon,Run,43.5,21537.0,21614,2.019941091537476,8.25106570507997,156.35443115234375,615.0,84.0,3847.0,Saturday,21,90.36000000000006
2023-12-08 23:41:52,Morning Run,Run,6.49,3053.0,3069,2.1283981800079346,7.8306149775999785,153.05929565429688,74.0,13.0,566.0,Friday,23,88.85000000000005
2023-12-11 12:28:02,Volume Cali,Workout,0.0,5970.0,5970,0.0,,102.58123779296876,16.0,0.0,335.0,Monday,12,84.05000000000005
2023-12-12 10:21:22,Evening Run,Run,3.02,1611.0,1637,1.8751085996627808,8.888374075860991,119.3152313232422,5.0,5.0,234.0,Tuesday,10,71.08000000000006
2023-12-22 01:08:12,Morning Run,Run,5.02,2085.0,2108,2.409505844116211,6.917047620932365,158.31396484375,66.0,6.0,447.0,Friday,1,68.90000000000005
2023-12-27 13:18:04,Night Weight Training,Weight Training,0.0,3845.0,3845,0.0,,105.87698364257812,10.0,0.0,377.0,Wednesday,13,61.60000000000006
2023-12-28 12:40:02,Evening Run,Run,6.85,3172.0,3192,2.161421775817871,7.710973791943076,142.80157470703125,45.0,23.0,588.0,Thursday,12,64.88000000000005
2023-12-29 12:50:22,Century ride with the Bois 🚴🚴🚴💯,Biking,108.93,20152.0,39345,5.405474185943604,3.0832941002672194,136.88998413085938,272.0,540.0,3099.0,Friday,12,130.31000000000006
2024-01-01 01:03:30,5k TRC 1.1,Run,5.72,2419.0,2425,2.3642001152038574,7.04960064906754,156.83229064941406,74.0,12.0,527.0,Monday,1,129.54000000000008
2024-01-03 13:33:50,Night Weight Training,Weight Training,0.0,2901.0,2901,0.0,,94.19131469726562,6.0,0.0,162.0,Wednesday,13,129.54000000000008
2024-01-04 14:25:19,5K TRC 1.2,Run,4.4,1804.0,1812,2.442073106765747,6.824802509184422,147.1554718017578,36.0,32.0,387.0,Thursday,14,130.92000000000004
2024-01-06 03:34:44,TRC 5k 1.3,Run,8.96,3818.0,3903,2.347459316253662,7.099874554275639,160.7008819580078,132.0,71.0,840.0,Saturday,3,134.86000000000007
2024-01-06 04:40:22,Lunch Walk,Walk,1.18,905.0,1103,1.3110607862472534,12.712352349712864,121.36018371582033,3.0,7.0,145.0,Saturday,4,136.04000000000005
2024-01-08 13:41:00,Night Run,Run,5.47,2762.0,2767,1.9817088842391968,8.410249759295604,130.49057006835938,19.0,5.0,466.0,Monday,13,134.66000000000005
2024-01-11 12:49:42,Evening Run,Run,5.97,2498.0,2580,2.390512466430664,6.972005752202621,153.66787719726562,63.0,0.0,551.0,Thursday,12,31.70000000000006
2024-01-13 02:32:28,Morning Weight Training,Weight Training,0.0,6092.0,6092,0.0,,132.0431671142578,53.0,0.0,618.0,Saturday,2,25.98000000000006
2024-01-13 15:53:40,Night Run,Run,5.58,2438.0,2460,2.288859844207764,7.2816457979476885,151.5299530029297,61.0,12.0,513.0,Saturday,15,31.56000000000006
2024-01-15 12:19:40,Evening Run,Run,8.29,3600.0,3701,2.304861068725586,7.231093835899651,144.4275665283203,57.0,54.0,701.0,Monday,12,35.45000000000006
2024-01-16 14:15:48,Night Weight Training,Weight Training,0.0,3808.0,3808,0.0,,95.9708480834961,8.0,0.0,233.0,Tuesday,14,26.490000000000055
2024-01-18 09:50:06,Afternoon Run,Run,4.32,1711.0,1741,2.529479742050171,6.5889702098021745,152.8717041015625,44.0,0.0,378.0,Thursday,9,29.630000000000056
2024-01-19 13:35:04,Night Weight Training,Weight Training,0.0,3460.0,3460,0.0,,103.94711303710938,10.0,0.0,244.0,Friday,13,24.160000000000057
2024-01-20 01:35:39,Morning Weight Training,Weight Training,0.0,4941.0,4941,0.0,,132.8376922607422,42.0,0.0,410.0,Saturday,1,18.190000000000055
2024-01-20 15:03:39,Night Run 170bpm,Run,6.38,2703.0,2710,2.3620052337646484,7.056151454881722,155.64352416992188,78.0,6.0,573.0,Saturday,15,24.570000000000054
2024-01-22 13:07:05,Night Run,Run,8.6,3581.0,3601,2.403658151626587,6.93387562428048,143.4594268798828,55.0,17.0,694.0,Monday,13,27.590000000000057
2024-01-23 13:12:18,Vol cali,Weight Training,0.0,3530.0,3530,0.0,,97.37506866455078,8.0,0.0,256.0,Tuesday,13,19.300000000000058
2024-01-25 15:01:19,Interval session,Run,6.85,2617.0,2656,2.619793653488159,6.361824201106683,159.03501892089844,87.0,15.0,591.0,Thursday,15,26.150000000000055
2024-01-26 15:20:38,Cali,Weight Training,0.0,3019.0,3019,0.0,,86.22457885742188,5.0,0.0,165.0,Friday,15,21.830000000000055
2024-01-27 03:28:07,Lunch Weight Training,Weight Training,0.0,4437.0,4437,0.0,,121.52828216552734,22.0,0.0,257.0,Saturday,3,21.830000000000055
2024-01-27 04:50:41,Lunch Ride,Biking,2.12,760.0,912,2.790684223175049,5.9722510086449265,109.7892608642578,2.0,11.0,80.0,Saturday,4,23.950000000000056
2024-01-27 15:34:30,Night Run,Run,7.99,3307.0,3307,2.4183549880981445,6.8917370479896976,143.49136352539062,47.0,12.0,645.0,Saturday,15,25.56000000000006
2024-01-29 11:53:15,28th lap,Run,8.33,3600.0,3768,2.315138816833496,7.198992365158606,145.5248260498047,64.0,30.0,715.0,Monday,11,25.290000000000056
2024-01-31 13:17:01,Night Weight Training,Weight Training,0.0,1922.0,1922,0.0,,94.6253890991211,4.0,0.0,79.0,Wednesday,13,25.290000000000056
2024-02-01 13:40:41,Night Run 1mile test,Run,4.89,1850.0,1860,2.643632650375366,6.304456356407985,163.6933135986328,71.0,10.0,418.0,Thursday,13,23.330000000000055
2024-02-03 04:53:21,Lunch Weight Training,Weight Training,0.0,8299.0,8299,0.0,,118.4765625,41.0,0.0,660.0,Saturday,4,23.330000000000055
2024-02-04 03:49:30,Lunch Run,Run,8.11,3420.0,3435,2.3716959953308105,7.027319985140825,148.6256561279297,74.0,19.0,694.0,Sunday,3,31.440000000000055
2024-02-08 14:06:03,Night Run,Run,5.74,2189.0,2231,2.624485969543457,6.350449901458577,162.69412231445312,82.0,11.0,490.0,Thursday,14,35.06000000000006
2024-02-11 02:49:28,Morning Run,Run,9.28,4049.0,4192,2.2929165363311768,7.268762906361377,154.8429412841797,106.0,33.0,813.0,Sunday,2,36.35000000000005
2024-02-13 14:57:37,Night Run,Run,8.78,3601.0,3614,2.438267230987549,6.83545529991654,151.52908325195312,87.0,25.0,745.0,Tuesday,14,36.800000000000054
2024-02-15 14:46:40,Night Run,Run,6.93,2454.0,2461,2.826467037200928,5.896642857428047,160.88458251953125,87.0,20.0,571.0,Thursday,14,43.730000000000054
2024-02-16 14:54:03,Night Weight Training,Weight Training,0.0,2173.0,2173,0.0,,87.23377990722656,4.0,0.0,97.0,Friday,14,38.84000000000005
2024-02-17 10:02:11,Evening Run,Run,9.74,3790.0,3797,2.569659471511841,6.485943702439667,156.57830810546875,112.0,23.0,831.0,Saturday,10,48.580000000000055
2024-02-19 12:49:50,Evening Run,Run,7.91,3600.0,3671,2.198472261428833,7.581022039293164,144.384765625,58.0,24.0,693.0,Monday,12,48.38000000000005
2024-02-24 12:48:59,Evening Run,Run,3.79,1271.0,1305,2.987804889678955,5.578231270803473,168.9298858642578,59.0,13.0,322.0,Saturday,12,46.43000000000006
2024-03-01 13:45:02,"Night Run - I'm a Mountainhead, too",Run,8.23,3600.0,3640,2.2884721755981445,7.28287931327391,143.8182373046875,58.0,32.0,686.0,Friday,13,45.38000000000006
2024-03-03 10:08:20,Evening Run,Run,6.27,2376.0,2392,2.6414730548858643,6.3096107059804245,165.2765350341797,99.0,0.0,565.0,Sunday,10,42.87000000000006
2024-03-05 13:10:05,Night Run,Run,8.0,3429.0,3433,2.33304762840271,7.143731856891957,148.6230926513672,73.0,17.0,693.0,Tuesday,13,43.940000000000055
2024-03-06 13:00:37,Night Run,Run,2.84,1015.0,1022,2.8054187297821045,5.940883793828936,154.14187622070312,26.0,5.0,225.0,Wednesday,13,46.78000000000006
2024-03-08 13:54:54,5k PB,Run,5.03,1550.0,1550,3.246690511703491,5.133432523545926,174.91661071777344,88.0,0.0,433.0,Friday,13,42.07000000000006
2024-03-09 01:52:18,Morning Ride,Biking,72.9,13894.0,42605,5.2471771240234375,3.1763110473936087,127.7686767578125,121.0,331.0,1914.0,Saturday,1,107.06000000000006
2024-03-17 13:30:55,Easy run at new paces,Run,4.99,1997.0,2017,2.5025038719177246,6.659996355527965,151.56031799316406,48.0,13.0,433.0,Sunday,13,108.26000000000006
2024-03-22 16:04:12,Night Run,Run,4.99,2001.0,2038,2.49700140953064,6.674672510417,140.9326934814453,27.0,9.0,396.0,Friday,16,105.02000000000007
2024-03-27 13:48:26,Night Run,Run,6.89,2548.0,2598,2.705812454223633,6.15957940494023,152.7782745361328,66.0,15.0,565.0,Wednesday,13,105.64000000000007
2024-03-30 15:16:25,Night Run,Run,6.19,2167.0,2181,2.859483242034912,5.828558958368317,162.8117218017578,81.0,10.0,514.0,Saturday,15,103.83000000000007
2024-04-14 15:07:31,Night Run,Run,5.14,2046.0,2066,2.5146138668060303,6.627922834067582,156.03073120117188,59.0,9.0,455.0,Sunday,15,106.13000000000007
2024-04-24 12:43:46,Evening Run easy z2,Run,4.25,1846.0,1877,2.304626226425171,7.231830687147576,150.3644256591797,44.0,10.0,404.0,Wednesday,12,105.35000000000007
2024-04-27 01:05:30,Morning Run - 45m easy,Run,7.07,3084.0,3219,2.293544054031372,7.266774160004293,154.61404418945312,85.0,3.0,643.0,Saturday,1,39.52000000000006
2024-04-29 14:00:23,Night Run,Run,4.41,1846.0,1860,2.393791913986206,6.962454242279099,144.02073669433594,31.0,7.0,377.0,Monday,14,38.940000000000055
2024-04-30 23:26:53,Morning Run INTERVALS,Run,3.92,1581.0,1793,2.4816572666168213,6.715942161258996,156.87353515625,47.0,0.0,371.0,Tuesday,23,37.87000000000006
2024-05-05 02:37:20,Easy run strict HR,Run,3.98,1832.0,1838,2.1737608909606934,7.667203295437354,146.26593017578125,36.0,9.0,365.0,Sunday,2,34.96000000000006
2024-05-06 14:47:32,Night Run,Run,6.68,2600.0,2650,2.570103883743286,6.484822178624205,157.35494995117188,79.0,12.0,593.0,Monday,14,35.45000000000006
2024-05-09 14:16:08,På Stedet Hvil,Run,5.36,2284.0,2294,2.347123384475708,7.100890723045481,153.28514099121094,63.0,10.0,491.0,Thursday,14,35.67000000000006
2024-05-11 00:56:49,Morning Run,Run,5.11,2530.0,2586,2.0194742679595947,8.252973029216202,153.76068115234375,63.0,0.0,497.0,Saturday,0,36.53000000000006
2024-05-14 08:29:11,Afternoon Run,Run,2.2,701.0,711,3.144893169403076,5.299597082920982,177.25936889648438,41.0,2.0,189.0,Tuesday,8,31.660000000000057
2024-05-16 12:41:22,DAY ONE - Base building for the Full,Run,5.21,2125.0,2213,2.4550588130950928,6.788703626067107,138.72023010253906,25.0,5.0,440.0,Thursday,12,32.46000000000006
2024-05-17 15:47:00,Easy run (strict Z2),Run,3.21,1393.0,1407,2.309763193130493,7.2157469286181755,142.3618621826172,20.0,8.0,291.0,Friday,15,31.750000000000057
2024-05-17 23:10:57,Morning Ride,Biking,5.83,931.0,1185,6.268528461456299,2.6587845567179067,141.1408233642578,15.0,7.0,146.0,Friday,23,33.60000000000006
2024-05-19 00:06:01,Morning Ride,Biking,6.0,1050.0,1391,5.713495254516602,2.9170701863262116,130.64389038085938,10.0,28.0,149.0,Sunday,0,32.92000000000006
2024-05-19 17:35:41,Night Run,Run,6.43,2842.0,2870,2.265228748321533,7.357608664915704,143.21998596191406,44.0,12.0,596.0,Sunday,17,33.99000000000006
2024-05-20 12:44:03,Evening Run,Run,4.02,1736.0,1750,2.318502187728882,7.1885490360449955,147.86843872070312,33.0,8.0,367.0,Monday,12,32.900000000000055
2024-05-20 23:20:27,Morning Ride,Biking,5.93,930.0,1406,6.381827831268311,2.611581996149584,142.04556274414062,16.0,8.0,159.0,Monday,23,36.63000000000006
2024-05-22 00:06:32,Morning Ride,Biking,5.62,1027.0,1208,5.472823619842529,3.045350594935895,124.86322784423828,6.0,26.0,128.0,Wednesday,0,37.040000000000056
2024-05-22 15:15:27,Night Run,Run,4.83,2132.0,2132,2.2651641368865967,7.357818532998021,144.13690185546875,35.0,11.0,441.0,Wednesday,15,38.66000000000005
2024-05-23 12:05:17,Evening Run,Run,4.83,2043.0,2043,2.3640527725219727,7.050040024650828,145.80294799804688,38.0,7.0,433.0,Thursday,12,37.66000000000005
2024-05-23 23:15:28,Morning Ride,Biking,5.88,884.0,1254,6.66141414642334,2.5019712481944043,154.3443145751953,26.0,12.0,158.0,Thursday,23,37.540000000000056
2024-05-25 00:13:03,Morning Ride,Biking,6.57,1081.0,1284,6.076900959014893,2.742626015969898,126.61431121826172,7.0,26.0,150.0,Saturday,0,37.68000000000006
2024-05-25 23:25:52,Morning Run cadence work,Run,3.01,1385.0,1400,2.178194999694824,7.651595320438137,151.8330841064453,35.0,0.0,400.0,Saturday,23,36.67000000000005
2024-05-26 13:39:34,Night Run,Run,7.24,3160.0,3225,2.291455745697021,7.273396703368127,140.56394958496094,39.0,25.0,588.0,Sunday,13,37.98000000000006
2024-05-28 12:17:16,Evening Run,Run,4.83,1815.0,1835,2.6613333225250244,6.262525075533807,154.88339233398438,51.0,11.0,394.0,Tuesday,12,37.190000000000055
2024-05-29 13:22:07,Night Run,Run,4.82,2051.0,2051,2.3541834354400635,7.079595589606719,143.93917846679688,33.0,4.0,401.0,Wednesday,13,37.18000000000006
2024-05-31 14:18:39,Night Run,Run,4.82,1697.0,1709,2.845468282699585,5.857266717046122,157.7557830810547,54.0,6.0,394.0,Friday,14,37.17000000000006
2024-06-01 12:12:02,Z2 cadence work w 185bpm playlist,Run,3.21,1344.0,1354,2.3939731121063232,6.961927259075436,143.46896362304688,23.0,5.0,265.0,Saturday,12,34.50000000000006
2024-06-03 14:04:42,Night Run,Run,8.04,3554.0,3570,2.264606237411499,7.359631176198243,142.8138885498047,50.0,22.0,681.0,Monday,14,35.970000000000056
2024-06-04 12:15:06,Evening Run,Run,4.82,2032.0,2054,2.375246047973633,7.016816923402657,144.3007354736328,35.0,4.0,403.0,Tuesday,12,37.78000000000006
2024-06-05 10:22:09,Evening Run,Run,0.74,327.0,329,2.260581016540528,7.372735834158442,133.33749389648438,2.0,0.0,58.0,Wednesday,10,31.280000000000058
2024-06-05 10:29:19,Evening Run,Run,4.02,1616.0,1622,2.488712787628174,6.6969024105632355,148.4183807373047,32.0,8.0,328.0,Wednesday,10,30.470000000000056
2024-06-07 10:22:41,Evening Run,Run,4.82,1965.0,1984,2.454452991485596,6.790379251296602,144.28564453125,34.0,8.0,398.0,Friday,10,30.470000000000056
2024-06-08 00:29:19,Morning Run,Run,3.21,1404.0,1420,2.2902421951293945,7.277250721391512,147.79441833496094,30.0,5.0,287.0,Saturday,0,28.860000000000056
2024-06-08 23:59:49,Morning Run,Run,6.43,2967.0,3044,2.169363021850586,7.682746732010341,148.22508239746094,63.0,13.0,595.0,Saturday,23,32.080000000000055
2024-06-11 12:26:23,Evening Run,Run,4.82,1827.0,1831,2.640941381454468,6.310880954687336,152.46678161621094,48.0,6.0,391.0,Tuesday,12,28.860000000000056
2024-06-12 10:27:13,Evening Run 180 cadence,Run,3.22,1342.0,1342,2.3991355895996094,6.946946533125358,146.76187133789062,27.0,5.0,267.0,Wednesday,10,27.260000000000055
2024-06-13 10:50:24,Evening Run,Run,6.44,2364.0,2372,2.723811388015747,6.118876931052141,155.47727966308594,68.0,5.0,518.0,Thursday,10,32.96000000000006
2024-06-15 02:02:14,Morning Run,Run,4.82,2181.0,2188,2.2129757404327397,7.531337267803739,151.01475524902344,54.0,10.0,454.0,Saturday,2,33.76000000000006
2024-06-15 12:53:35,Evening Weight Training,Weight Training,0.0,2582.0,2582,0.0,,121.57862091064452,11.0,0.0,238.0,Saturday,12,28.940000000000058
2024-06-16 01:37:45,Morning Run,Run,9.65,4212.0,4355,2.2928466796875,7.268984365294859,147.8278350830078,85.0,65.0,836.0,Sunday,1,35.38000000000006
2024-06-17 23:13:23,Morning Run,Run,4.82,2018.0,2056,2.3909811973571777,6.970638951527024,149.18438720703125,47.0,8.0,418.0,Monday,23,33.77000000000006
2024-06-18 12:45:53,Evening Weight Training,Weight Training,0.0,1905.0,1905,0.0,,96.96955108642578,4.0,0.0,236.0,Tuesday,12,28.95000000000006
2024-06-19 12:28:53,Evening Run,Run,7.44,3074.0,3126,2.420461893081665,6.885738095817376,152.83631896972656,76.0,0.0,653.0,Wednesday,12,33.17000000000006
2024-06-21 12:46:44,Evening Run sub145,Run,6.43,3087.0,3204,2.0850989818573,7.993225651005234,138.3035430908203,28.0,24.0,574.0,Friday,12,33.16000000000006
2024-06-22 02:57:58,Morning run,Run,4.0,1495.0,1572,2.67797327041626,6.223612031824359,151.457763671875,37.0,3.0,338.0,Saturday,2,32.34000000000006
2024-06-22 13:21:34,Cali sesh,Weight Training,0.0,3770.0,3770,0.0,,115.61061096191406,14.0,0.0,452.0,Saturday,13,32.34000000000006
2024-06-23 02:10:07,Morning Run,Run,9.65,3949.0,4164,2.445690155029297,6.814708981999814,154.55880737304688,101.0,51.0,842.0,Sunday,2,32.34000000000006
2024-06-25 12:07:41,Evening Run,Run,4.82,2022.0,2028,2.38649845123291,6.983732446193859,145.36721801757812,36.0,5.0,409.0,Tuesday,12,32.34000000000006
2024-06-26 12:07:33,Evening Run,Run,6.43,2327.0,2331,2.7664029598236084,6.0246706313997604,156.03578186035156,63.0,8.0,526.0,Wednesday,12,38.77000000000006
2024-06-28 13:46:37,Night Ride,Biking,72.37,12114.0,24038,5.974409580230713,2.789675940835488,130.50050354003906,118.0,347.0,1780.0,Friday,13,103.70000000000006
2024-06-29 12:32:47,Evening Run,Run,3.22,1390.0,1397,2.316359758377075,7.195197812598821,135.53115844726562,10.0,5.0,259.0,Saturday,12,100.49000000000005
2024-06-30 13:09:36,Night Run,Run,11.26,4933.0,5187,2.283397436141968,7.299065157411533,141.52590942382812,61.0,35.0,971.0,Sunday,13,107.75000000000006
2024-07-02 15:27:30,Night Run,Run,4.01,1571.0,1586,2.5560152530670166,6.520566200326067,142.9596710205078,22.0,9.0,318.0,Tuesday,15,111.76000000000005
2024-07-03 13:23:18,Night Run,Run,6.43,2140.0,2148,3.006873846054077,5.542855310853279,163.41256713867188,81.0,9.0,530.0,Wednesday,13,108.54000000000006
2024-07-05 15:56:17,Night Run,Run,4.82,1829.0,1857,2.640213251113892,6.312621398909761,136.51304626464844,15.0,2.0,349.0,Friday,15,108.54000000000005
2024-07-06 01:20:52,Morning Run,Run,4.01,1443.0,1455,2.778932809829712,5.9975061677320545,153.37718200683594,40.0,9.0,326.0,Saturday,1,106.12000000000006
2024-07-07 02:39:12,Morning Run,Run,9.65,4304.0,4329,2.243419885635376,7.429133874306536,147.5738525390625,87.0,58.0,911.0,Sunday,2,43.400000000000055
2024-07-07 14:01:27,Night Weight Training,Weight Training,0.0,1908.0,1908,0.0,,110.5943374633789,5.0,0.0,185.0,Sunday,14,40.18000000000006
2024-07-09 11:42:44,Evening Run,Run,6.43,2285.0,2285,2.8155360221862797,5.919535937503263,156.2904052734375,68.0,2.0,545.0,Tuesday,11,35.35000000000006
2024-07-10 13:15:25,Night Run,Run,6.43,2572.0,2576,2.5017495155334477,6.662004554485877,142.0007781982422,33.0,10.0,523.0,Wednesday,13,37.77000000000006
2024-07-11 22:32:23,Grand Rising,Run,8.04,2743.0,2748,2.9336748123168945,5.6811568196626485,163.85247802734375,101.0,7.0,684.0,Thursday,22,39.38000000000006
2024-07-13 00:16:21,Morning Run,Run,5.18,2371.0,2376,2.187228918075561,7.619991912566188,141.40484619140625,30.0,21.0,480.0,Saturday,0,39.74000000000006
2024-07-13 13:11:50,Night Weight Training,Weight Training,0.0,2407.0,2407,0.0,,106.73452758789062,6.0,0.0,278.0,Saturday,13,35.73000000000006
2024-07-14 02:10:21,Morning Run,Run,12.87,5398.0,5598,2.3843090534210205,6.990145276155889,151.61802673339844,129.0,61.0,1194.0,Sunday,2,38.95000000000005
2024-07-16 13:11:30,Night Run,Run,6.44,2606.0,2614,2.47121262550354,6.744327256449909,143.64102172851562,42.0,4.0,532.0,Tuesday,13,45.39000000000005
2024-07-17 11:08:39,Evening Run,Run,9.65,3488.0,3488,2.7688705921173096,6.019301412682469,155.8204803466797,93.0,0.0,806.0,Wednesday,11,48.610000000000056
2024-07-19 13:08:18,Night Run,Run,8.04,2602.0,2606,3.0918524265289307,5.390511695727182,163.9667510986328,101.0,14.0,672.0,Friday,13,50.220000000000056
2024-07-19 23:14:23,Morning Ride with Dad,Biking,20.35,4891.0,10062,4.161823749542236,4.004654610493741,100.87110900878906,14.0,93.0,457.0,Friday,23,62.53000000000006
2024-07-20 02:36:01,"Morning Run (first attempt at a brick session)
🚴🏃",Run,4.82,1845.0,1849,2.6159892082214355,6.3710762316171925,151.4432373046875,46.0,8.0,417.0,Saturday,2,62.17000000000006
2024-07-20 23:07:40,Mandai Running debút,Run,14.48,6096.0,6463,2.376300811767578,7.013702383188347,145.95681762695312,107.0,105.0,1277.0,Saturday,23,76.65000000000006
2024-07-23 13:01:14,Night Weight Training,Weight Training,0.0,1173.0,1173,0.0,,108.95310974121094,3.0,0.0,122.0,Tuesday,13,63.78000000000006
2024-07-23 13:28:28,Night Run,Run,4.82,2083.0,2086,2.3158905506134038,7.196655585581198,147.9278564453125,45.0,10.0,454.0,Tuesday,13,62.16000000000006
2024-07-24 13:10:45,Night Run,Run,9.65,3191.0,3201,3.025383949279785,5.508942648629537,161.73216247558594,109.0,12.0,804.0,Wednesday,13,62.16000000000006
2024-07-25 14:55:10,Night Run with cadence focus,Run,3.22,1174.0,1239,2.743696928024292,6.07452904015465,138.69076538085938,11.0,7.0,245.0,Thursday,14,57.34000000000006
2024-07-26 14:13:40,Night Run,Run,9.65,3934.0,4038,2.4537365436553955,6.7923619223757,136.20062255859375,27.0,39.0,751.0,Friday,14,46.64000000000006
2024-07-27 00:23:32,Morning Run,Run,4.82,1834.0,1857,2.6319520473480225,6.332435533337374,143.01092529296875,27.0,7.0,386.0,Saturday,0,46.640000000000065
2024-07-28 00:51:39,Morning Run at SUTD,Run,16.09,6738.0,6801,2.388319969177246,6.97840611047111,159.93209838867188,230.0,60.0,1506.0,Sunday,0,48.25000000000006
2024-07-30 11:54:52,Evening Run,Run,4.82,1942.0,1956,2.4862923622131348,6.703421898392951,140.11460876464844,21.0,15.0,398.0,Tuesday,11,53.07000000000006
2024-08-01 14:44:12,Night Run - the Penultimate,Run,4.02,1426.0,1434,2.822601795196533,5.904717659795223,144.048828125,23.0,7.0,308.0,Thursday,14,52.27000000000005
2024-08-03 10:36:47,Evening Run: an attempt was made,Run,21.14,8500.0,10154,2.487835168838501,6.699264836925614,163.71641540527344,332.0,25.0,1933.0,Saturday,10,63.76000000000006
2024-08-03 23:29:25,Weekend of Fun,Biking,114.64,23815.0,43238,4.813849449157715,3.462232635792724,117.73541259765624,127.0,448.0,3009.0,Saturday,23,175.18000000000006
2024-08-07 12:10:19,Evening Run,Run,5.03,1971.0,1991,2.555459260940552,6.521984882096065,143.97703552246094,32.0,7.0,424.0,Wednesday,12,170.56000000000006
2024-08-10 00:16:29,Morning Run,Run,16.02,6784.0,6789,2.361729145050049,7.056976326687738,159.55352783203125,214.0,2.0,1498.0,Saturday,0,181.76000000000008
2024-08-11 08:08:46,Afternoon Weight Training,Weight Training,0.0,2328.0,2328,0.0,,117.9437255859375,8.0,0.0,309.0,Sunday,8,165.67000000000007
2024-08-11 09:30:03,Afternoon Ride,Biking,18.24,4394.0,6659,4.152039051055908,4.01409198269177,93.47451782226562,9.0,62.0,345.0,Sunday,9,179.09000000000006
2024-08-12 10:18:38,Evening Run,Run,4.1,1575.0,1579,2.60276198387146,6.403454011525076,143.76556396484375,26.0,4.0,339.0,Monday,10,179.17000000000004
2024-08-13 12:01:11,Evening Run,Run,1.76,805.0,938,2.189826250076294,7.6109539129353285,127.4337387084961,3.0,10.0,144.0,Tuesday,12,159.79000000000008
2024-08-13 12:28:49,Evening Run,Run,5.68,1940.0,1940,2.9285876750946045,5.691025339075181,160.12957763671875,65.0,0.0,487.0,Tuesday,12,50.830000000000055
2024-08-15 12:44:44,5k easy run,Run,5.06,1964.0,1979,2.577948093414306,6.465090088215418,142.2911376953125,27.0,2.0,413.0,Thursday,12,50.860000000000056
2024-08-16 13:29:09,Night Run @ Z2 - retiring the Arahi 6,Run,5.09,1901.0,1953,2.678074598312378,6.223376554622255,143.1382293701172,29.0,7.0,413.0,Friday,13,39.93000000000006
2024-08-17 00:51:00,Morning Run - Turns out I have the rona,Run,16.01,7533.0,8084,2.1254241466522217,7.8415720894667125,149.9115753173828,167.0,89.0,1560.0,Saturday,0,55.940000000000055
2024-08-20 11:59:26,W0 Evening Run - Recovery check in run,Run,4.08,1678.0,1686,2.43597149848938,6.84189723771488,137.96633911132812,14.0,6.0,336.0,Tuesday,11,41.78000000000006
2024-08-21 13:25:11,W0 Night Run,Run,5.0,1844.0,1915,2.7121694087982178,6.145142192298301,141.35769653320312,23.0,10.0,389.0,Wednesday,13,42.68000000000006
2024-08-22 12:56:39,Evening Weight Training,Weight Training,0.0,1582.0,1582,0.0,,123.46839141845705,6.0,0.0,217.0,Thursday,12,40.92000000000006
2024-08-23 12:59:14,Test Run 10k,Run,10.05,3700.0,3874,2.717891931533813,6.132203592532472,153.55125427246094,92.0,23.0,855.0,Friday,12,45.290000000000056
2024-08-23 23:47:17,Morning Ride,Biking,22.09,6630.0,15863,3.3321011066436768,5.001849023559339,84.15514373779297,11.0,130.0,404.0,Friday,23,62.32000000000006
2024-08-24 19:09:32,Night Run - the sound of your own foot strike echoing off the streets,Run,10.04,3724.0,3732,2.6962783336639404,6.181359861323565,143.39735412597656,56.0,22.0,785.0,Saturday,19,67.27000000000007
2024-08-26 09:26:09,Week 1/14,Run,5.0,2027.0,2107,2.469413042068481,6.749242181334713,146.4984588623047,38.0,19.0,437.0,Monday,9,56.260000000000055
2024-08-26 10:42:27,Evening Weight Training,Weight Training,0.0,2920.0,2920,0.0,,139.62294006347656,41.0,0.0,335.0,Monday,10,52.18000000000006
2024-08-27 01:30:52,RAIN RUN,Run,9.19,3759.0,4024,2.4453682899475098,6.815605949901484,156.04473876953125,108.0,79.0,821.0,Tuesday,1,56.370000000000054
2024-08-28 11:57:18,5k @ E,Run,5.0,2053.0,2075,2.435645341873169,6.84281343434382,144.76429748535156,35.0,4.0,439.0,Wednesday,11,61.370000000000054
2024-08-28 13:18:57,Night Weight Training,Weight Training,0.0,2307.0,2307,0.0,,86.62895202636719,4.0,0.0,316.0,Wednesday,13,51.32000000000006
2024-08-30 13:08:07,Night Run,Run,7.3,2964.0,2985,2.465080976486206,6.761103114115055,154.9358367919922,82.0,26.0,664.0,Friday,13,36.53000000000006
2024-08-30 22:55:08,Morning Run w Running Dept- got Strava taxed 😔😮‍💨,Run,14.99,6024.0,6056,2.4892098903656006,6.6955650189139995,164.16610717773438,239.0,29.0,1376.0,Friday,22,41.48000000000006
2024-08-31 23:31:01,Morning Ride,Biking,18.48,5410.0,22036,3.415715217590332,4.879407563264135,98.1240463256836,13.0,80.0,472.0,Saturday,23,54.96000000000006
2024-09-02 02:03:53,Week 02: Morning Run,Run,7.0,2732.0,2798,2.5622620582580566,6.504669033735539,150.08807373046875,64.0,13.0,592.0,Monday,2,61.96000000000006
2024-09-02 10:25:01,Evening Weight Training,Weight Training,0.0,2589.0,2589,0.0,,135.81536865234375,27.0,0.0,334.0,Monday,10,52.77000000000006
2024-09-03 00:34:39,Morning Run,Run,11.22,4486.0,4717,2.50217342376709,6.660875904266678,152.30880737304688,112.0,21.0,983.0,Tuesday,0,58.99000000000006
2024-09-04 01:17:12,Morning Run,Run,5.0,1915.0,1919,2.6115405559539795,6.38192909877229,148.28211975097656,40.0,13.0,406.0,Wednesday,1,63.99000000000006
2024-09-04 12:11:59,Evening Weight Training,Weight Training,0.0,2378.0,2378,0.0,,92.2430648803711,5.0,0.0,340.0,Wednesday,12,56.690000000000055
2024-09-04 13:44:44,Night Weight Training,Weight Training,0.0,2712.0,2712,0.0,,109.47308349609376,8.0,0.0,244.0,Wednesday,13,41.70000000000006
2024-09-06 00:44:36,Morning Run,Run,7.28,2910.0,2928,2.5033299922943115,6.657798499586386,151.8843536376953,68.0,30.0,645.0,Friday,0,30.500000000000057
2024-09-06 23:58:36,Morning Run,Run,17.02,7038.0,7188,2.41920018196106,6.889329287812916,156.00982666015625,200.0,84.0,1568.0,Friday,23,40.52000000000005
2024-09-09 01:57:40,Week 3 Morning Run,Run,9.99,4245.0,4317,2.354299068450928,7.079247870421548,155.59014892578125,122.0,39.0,899.0,Monday,1,50.510000000000055
2024-09-09 13:21:54,Night Weight Training,Weight Training,0.0,2196.0,2196,0.0,,143.14434814453125,33.0,0.0,325.0,Monday,13,39.290000000000056
2024-09-10 01:49:24,Morning Run,Run,11.23,4829.0,5199,2.325843811035156,7.165858080233207,145.87060546875,83.0,48.0,1010.0,Tuesday,1,45.52000000000006
2024-09-11 13:08:40,Night Weight Training,Weight Training,0.0,2233.0,2233,0.0,,87.45633697509766,4.0,0.0,362.0,Wednesday,13,45.52000000000006
2024-09-11 14:22:25,Night Run,Run,5.12,2030.0,2034,2.5263006687164307,6.597261708811053,141.04759216308594,26.0,10.0,418.0,Wednesday,14,50.64000000000006
2024-09-13 00:58:12,Morning Run,Run,7.22,2912.0,2944,2.4816277027130127,6.716022169016736,155.22329711914062,80.0,24.0,647.0,Friday,0,50.580000000000055
2024-09-14 11:52:41,Evening Run,Run,18.99,7886.0,7897,2.408572196960449,6.919728911468601,151.63722229003906,197.0,23.0,1749.0,Saturday,11,52.55000000000006
2024-09-15 00:26:13,Morning Ride,Biking,11.95,3573.0,8657,3.345969915390014,4.981116712976769,83.55877685546875,6.0,2.0,227.0,Sunday,0,54.51000000000006
2024-09-15 23:52:32,Morning Run,Run,4.99,2178.0,2186,2.2949953079223637,7.262178972276345,149.84486389160156,51.0,7.0,456.0,Sunday,23,59.50000000000006
2024-09-18 01:14:22,Week 04: Morning Run,Run,6.35,2452.0,2473,2.591761827468872,6.430632047290942,150.22560119628906,55.0,10.0,542.0,Wednesday,1,54.620000000000054
2024-09-21 10:14:39,Evening Run,Run,13.02,5575.0,5885,2.335669994354248,7.1357112549945505,142.0977020263672,76.0,49.0,1129.0,Saturday,10,67.64000000000006
2024-09-23 12:12:42,Evening Run,Run,6.99,2676.0,2718,2.614910364151001,6.373704772124354,138.5213623046875,25.0,10.0,530.0,Monday,12,69.51000000000006
2024-09-24 11:48:21,Short interval workout,Run,12.52,5142.0,5439,2.434990167617798,6.844654606130101,148.93972778320312,100.0,32.0,1094.0,Tuesday,11,74.81000000000006
2024-09-25 12:04:36,Evening Run,Run,5.05,2009.0,2014,2.5147736072540283,6.627501823062952,142.5904998779297,29.0,5.0,416.0,Wednesday,12,60.870000000000054
2024-09-27 10:27:52,Evening Run,Run,7.35,2764.0,2788,2.660090446472168,6.265451119818172,150.761962890625,65.0,10.0,609.0,Friday,10,56.27000000000006
2024-09-27 22:54:33,"Morning Run, 10weeks out",Run,23.1,10373.0,10789,2.227791547775269,7.481250516149249,152.14039611816406,246.0,42.0,2130.0,Friday,22,74.38000000000005
2024-09-30 02:59:07,Morning Run,Run,7.06,2810.0,2813,2.51308536529541,6.631954050119392,146.11834716796875,53.0,14.0,604.0,Monday,2,75.09000000000006
2024-10-01 11:33:44,Short interval workout,Run,13.2,5257.0,5268,2.510842800140381,6.6378773954844315,149.4228973388672,108.0,42.0,1130.0,Tuesday,11,75.27000000000005
2024-10-03 13:37:31,Night Run,Run,5.02,2015.0,2018,2.493166208267212,6.684940061918396,140.06448364257812,22.0,4.0,416.0,Thursday,13,73.30000000000005
2024-10-04 13:49:18,Night Run,Run,8.28,3304.0,3346,2.506204605102539,6.650162014998278,143.17530822753906,47.0,13.0,701.0,Friday,13,69.06000000000006
2024-10-05 12:14:40,Evening Run,Run,21.2,9133.0,9142,2.3213906288146973,7.179604526609411,154.74008178710938,246.0,31.0,2005.0,Saturday,12,85.21000000000006
2024-10-07 02:50:18,Morning Run,Run,5.02,1970.0,1974,2.551146984100342,6.533009180003849,147.9017333984375,42.0,12.0,435.0,Monday,2,82.88000000000007
2024-10-09 11:50:49,Speed Test AP3,Run,6.6,2583.0,2699,2.5553581714630127,6.522242890562986,148.96572875976562,50.0,22.0,566.0,Wednesday,11,66.38000000000005
2024-10-11 01:21:17,Morning Run,Run,8.37,3218.0,3428,2.600764274597168,6.408372657782746,152.68153381347656,78.0,35.0,740.0,Friday,1,67.69000000000005
2024-10-12 01:36:52,Heat treated hills,Run,13.03,5814.0,6086,2.2419469356536865,7.43401478492494,158.87640380859375,182.0,67.0,1266.0,Saturday,1,67.52000000000005
2024-10-17 13:20:40,Night Run,Run,7.25,2686.0,2706,2.7024126052856445,6.1673286433272105,158.51670837402344,86.0,7.0,643.0,Thursday,13,69.75000000000006
2024-10-18 12:56:50,Evening Run,Run,7.22,2764.0,2767,2.613400936126709,6.377386047533961,148.93458557128906,55.0,11.0,613.0,Friday,12,68.69000000000005
2024-10-19 00:43:42,Morning Run,Run,21.12,9082.0,9181,2.325690269470215,7.166331168622588,155.8878173828125,261.0,60.0,1918.0,Saturday,0,68.61000000000006
2024-10-22 12:36:35,Evening Run,Run,5.01,2000.0,2004,2.509000062942505,6.64275259009772,150.1049346923828,46.0,4.0,430.0,Tuesday,12,68.60000000000007
2024-10-23 12:31:54,Evening Run,Run,9.19,3984.0,4138,2.306852340698242,7.224851965003521,154.93951416015625,106.0,20.0,824.0,Wednesday,12,71.19000000000005
2024-10-26 22:18:42,Morning Ride (in replacement of the 25km long run),Biking,102.25,16818.0,20054,6.080122470855713,2.741172854092363,143.70071411132812,291.0,401.0,2718.0,Saturday,22,165.07000000000005
2024-10-28 09:57:16,"Afternoon Ride
Cross training",Biking,23.55,3925.0,4900,6.001803874969482,2.776942901479168,130.7125244140625,36.0,98.0,538.0,Monday,9,175.59000000000006
2024-10-30 11:11:01,Evening Run,Run,4.99,2047.0,2047,2.4408891201019287,6.82811297301808,145.2224884033203,37.0,0.0,422.0,Wednesday,11,173.33000000000004
2024-11-01 10:19:26,Evening Run,Run,6.7,2677.0,2874,2.504706859588623,6.654138628184228,148.18634033203125,51.0,15.0,575.0,Friday,10,172.81000000000006
2024-11-02 14:49:20,Consequence run,Run,30.13,13843.0,14004,2.176731824874878,7.656738637348996,141.69546508789062,177.0,86.0,2689.0,Saturday,14,181.82000000000005
2024-11-04 10:41:03,Evening Run,Run,5.05,2061.0,2064,2.449878692626953,6.803057929695021,145.95370483398438,38.0,9.0,429.0,Monday,10,181.86000000000004
2024-11-10 12:10:31,Evening Run,Run,13.03,5290.0,5293,2.4646313190460205,6.762336637480447,146.08082580566406,94.0,22.0,1102.0,Sunday,12,185.70000000000005
2024-11-13 02:23:58,Morning bike ride,Biking,7.68,3656.0,8143,2.100410223007202,7.934957887799957,92.35344696044922,7.0,12.0,498.0,Wednesday,2,91.13000000000005
2024-11-15 10:47:00,Evening Run,Run,6.37,2450.0,2458,2.601836681365967,6.405731299751163,147.33099365234375,48.0,7.0,522.0,Friday,10,73.95000000000006
2024-11-16 14:53:31,Night Run,Run,5.03,2020.0,2024,2.4940593242645264,6.682546202697686,133.4222869873047,11.0,5.0,362.0,Saturday,14,73.99000000000005
2024-11-17 12:23:53,Marathon Pace Run//REFLEKTOR,Run,21.17,8457.0,8468,2.5032989978790283,6.657880932636431,157.79913330078125,262.0,54.0,1844.0,Sunday,12,88.46000000000006
2024-11-19 14:45:14,Night Run,Run,5.4,2094.0,2099,2.581709623336792,6.4556705045416525,136.847412109375,16.0,8.0,393.0,Tuesday,14,63.730000000000054
2024-11-21 15:38:35,Night Run,Run,5.03,2026.0,2030,2.486525058746338,6.702794571903372,136.4217987060547,16.0,11.0,385.0,Thursday,15,63.71000000000006
2024-11-24 12:51:36,Evening Run,Run,17.07,6785.0,6788,2.515784740447998,6.624838126531745,156.41763305664062,197.0,38.0,1461.0,Sunday,12,67.75000000000006
2024-11-27 12:45:42,Evening Run,Run,5.11,2159.0,2162,2.3665122985839844,7.042712888768531,146.58285522460938,41.0,9.0,454.0,Wednesday,12,65.18000000000006
2024-11-29 16:14:51,Final shakeout run,Run,4.06,1787.0,1790,2.274818181991577,7.32659286733641,122.48198699951172,6.0,7.0,287.0,Friday,16,62.87000000000006
2024-11-30 06:23:07,Afternoon Walk + cycle,Walk,9.23,5383.0,10603,1.7156232595443726,9.71464252069707,98.4684066772461,13.0,50.0,640.0,Saturday,6,67.07000000000006
2024-11-30 20:57:59,Morning Run - Second Marathon Attempt,Run,43.37,20985.0,21022,2.06699538230896,8.063233623700205,147.516357421875,421.0,114.0,4035.0,Saturday,20,89.27000000000005
2024-12-18 12:06:20,Evening Run - Condition Zero,Run,5.07,2025.0,2047,2.505728483200073,6.651425634664782,146.77149963378906,40.0,4.0,434.0,Wednesday,12,88.94000000000005
2024-12-20 07:36:41,Afternoon Weight Training,Weight Training,0.0,6944.0,6944,0.0,,112.63882446289062,23.0,0.0,644.0,Friday,7,83.91000000000005
2024-12-24 04:26:52,Lunch Weight Training,Weight Training,0.0,5340.0,5340,0.0,,106.13895416259766,17.0,0.0,396.0,Tuesday,4,66.84000000000006
2024-12-25 10:22:16,Evening Run,Run,3.98,1773.0,1812,2.2447264194488525,7.424809777379834,148.4330596923828,39.0,7.0,389.0,Wednesday,10,65.71000000000005
2024-12-27 07:26:24,Afternoon Weight Training,Weight Training,0.0,7290.0,7290,0.0,,101.1219482421875,19.0,0.0,685.0,Friday,7,61.65000000000005
2024-12-27 22:45:15,Bécane,Biking,47.95,7876.0,9195,6.0890045166015625,2.737174298561497,132.2572479248047,84.0,160.0,1154.0,Friday,22,100.37000000000006
2024-12-30 08:05:18,Afternoon Weight Training,Weight Training,0.0,5698.0,5698,0.0,,94.1751480102539,12.0,0.0,403.0,Monday,8,57.00000000000006
2024-12-31 09:35:46,Afternoon Run,Run,5.05,2090.0,2145,2.418612480163574,6.891003334911873,152.70155334472656,55.0,25.0,460.0,Tuesday,9,56.980000000000054
2025-01-01 02:38:01,Morning Run,Run,3.28,1401.0,1527,2.3443968296051025,7.109149123646465,161.16748046875,45.0,12.0,314.0,Wednesday,2,60.260000000000055
2025-01-02 07:54:56,Afternoon Weight Training,Weight Training,0.0,7217.0,7217,0.0,,107.18109893798828,23.0,0.0,606.0,Thursday,7,60.260000000000055
2025-01-03 11:49:36,Evening Run,Run,5.03,2173.0,2234,2.315370559692383,7.198271826035906,144.66619873046875,36.0,9.0,459.0,Friday,11,61.31000000000006
2025-01-04 01:43:16,Morning Run,Run,10.04,4368.0,4406,2.298534870147705,7.250995790024999,160.10641479492188,147.0,61.0,946.0,Saturday,1,71.35000000000005
2025-01-06 08:26:03,Afternoon Weight Training,Weight Training,0.0,5972.0,5972,0.0,,105.68201446533205,17.0,0.0,367.0,Monday,8,23.400000000000055
2025-01-08 13:19:08,Ísjaki,Run,5.04,1999.0,2021,2.521760940551758,6.609138240923036,150.63096618652344,47.0,7.0,435.0,Wednesday,13,28.440000000000055
2025-01-09 07:45:00,Afternoon Weight Training,Weight Training,0.0,6367.0,6367,0.0,,97.86634063720705,15.0,0.0,389.0,Thursday,7,23.390000000000054
2025-01-11 02:01:24,Morning Swim,Swim,600.0,1386.0,2193,0.4329004287719726,38.50000036716462,109.3359832763672,10.0,0.0,21.0,Saturday,2,620.11
2025-01-13 12:51:58,Evening Run,Run,5.13,2151.0,2163,2.3867969512939453,6.982859039446665,150.43443298339844,51.0,4.0,466.0,Monday,12,625.24
2025-01-14 07:47:17,Afternoon Weight Training,Weight Training,0.0,5394.0,5394,0.0,,107.00537872314452,17.0,0.0,403.0,Tuesday,7,620.21
2025-01-15 04:58:49,Lunch Swim,Swim,200.0,782.0,4545,0.2557544708251953,65.16666790962222,92.50739288330078,12.0,0.0,,Wednesday,4,810.17
2025-01-16 07:06:36,Afternoon Weight Training,Weight Training,0.0,7348.0,7348,0.0,,108.56900024414062,24.0,0.0,618.0,Thursday,7,810.17
2025-01-17 02:00:26,Morning Run,Run,4.08,1628.0,1672,2.511547803878784,6.636014110870994,151.29400634765625,37.0,11.0,359.0,Friday,2,809.21
2025-01-18 07:14:28,Afternoon Ride,Biking,59.9,10387.0,17572,5.767295837402344,2.8898581131523025,138.7067413330078,146.0,222.0,1584.0,Saturday,7,869.11
2025-01-20 05:22:37,Afternoon Weight Training,Weight Training,0.0,6395.0,6395,0.0,,114.9571533203125,24.0,0.0,503.0,Monday,5,269.11
2025-01-20 10:37:38,Evening Run,Run,5.05,1990.0,2058,2.5397989749908447,6.562199146775679,154.2719268798828,56.0,8.0,463.0,Monday,10,269.03
2025-01-23 13:51:21,Night Run,Run,5.08,2240.0,2244,2.2674999237060547,7.350239130075153,146.07398986816406,41.0,9.0,474.0,Thursday,13,274.11
2025-01-24 08:18:04,Afternoon Weight Training,Weight Training,0.0,5717.0,5717,0.0,,122.03865814208984,27.0,0.0,522.0,Friday,8,74.11
2025-01-25 13:36:41,Night Run,Run,10.04,4526.0,4747,2.219023466110229,7.510811364190755,139.87290954589844,48.0,36.0,882.0,Saturday,13,84.14999999999999
2025-01-27 06:01:01,Afternoon Weight Training,Weight Training,0.0,7628.0,7628,0.0,,115.8155517578125,31.0,0.0,543.0,Monday,6,80.07
2025-01-28 23:38:11,29k on 29th on 29,Run,29.11,15126.0,16448,1.924448013305664,8.660492022352939,142.61593627929688,206.0,132.0,2923.0,Tuesday,23,49.28
2025-01-30 00:26:49,Morning Bike Ride,Biking,16.51,4856.0,9114,3.400597095489502,4.901100071153112,86.19717407226562,9.0,23.0,408.0,Thursday,0,65.78999999999999
2025-01-31 09:12:36,Afternoon Weight Training,Weight Training,0.0,9293.0,9293,0.0,,113.21941375732422,36.0,0.0,871.0,Friday,9,60.74
2025-02-01 01:31:04,Morning Swim,Swim,300.0,1094.0,2753,0.2742230296134949,60.77777891287099,100.52654266357422,9.0,0.0,,Saturday,1,355.65999999999997
2025-02-03 03:39:03,Lunch Weight Training,Weight Training,0.0,6327.0,6327,0.0,,121.52204895019533,29.0,0.0,517.0,Monday,3,355.65999999999997
2025-02-03 10:37:45,Evening Run,Run,5.04,1911.0,2063,2.640502452850342,6.311930007364889,153.30184936523438,51.0,7.0,464.0,Monday,10,350.65999999999997
2025-02-05 10:53:51,Evening Run,Run,5.03,1828.0,1831,2.7551422119140625,6.049294513580821,162.7334442138672,66.0,9.0,435.0,Wednesday,10,355.68999999999994
2025-02-06 06:18:53,Afternoon Weight Training,Weight Training,0.0,7493.0,7493,0.0,,127.8864288330078,43.0,0.0,710.0,Thursday,6,326.58
2025-02-07 08:57:20,Afternoon Swim,Swim,500.0,2188.0,3333,0.2285192012786865,72.93333152491257,112.47039794921876,18.0,0.0,,Friday,8,810.0699999999999
2025-02-10 08:01:51,Afternoon Weight Training,Weight Training,0.0,7241.0,7241,0.0,,116.98342895507812,31.0,0.0,596.0,Monday,8,810.0699999999999
2025-02-10 13:11:47,Vaka,Run,5.86,2515.0,2529,2.332405567169189,7.145698373072736,151.8460235595703,65.0,8.0,543.0,Monday,13,515.93
2025-02-12 03:28:41,Lunch Swim,Swim,450.0,1517.0,2277,0.2966381013393402,56.185185218674164,123.33914947509766,20.0,0.0,,Wednesday,3,965.93
2025-02-13 11:15:13,Evening Run,Run,6.03,2169.0,2187,2.780958890914917,5.993136655530871,163.1001434326172,81.0,13.0,527.0,Thursday,11,966.92
2025-02-14 06:41:36,Afternoon Weight Training,Weight Training,0.0,8513.0,8513,0.0,,100.69998931884766,22.0,0.0,906.0,Friday,6,961.8899999999999
2025-02-16 02:03:06,Morning Weight Training,Weight Training,0.0,10368.0,10368,0.0,,115.27092742919922,37.0,0.0,771.0,Sunday,2,961.8899999999999
2025-02-20 06:20:24,Afternoon Weight Training,Weight Training,0.0,8144.0,8144,0.0,,121.5206298828125,39.0,0.0,726.0,Thursday,6,461.88999999999993
2025-02-21 12:52:29,Evening Run 5k E,Run,5.11,2048.0,2064,2.4959959983825684,6.677361132576672,146.43792724609375,37.0,3.0,451.0,Friday,12,466.99999999999994
2025-02-22 02:55:12,Morning Swim,Swim,450.0,2351.0,3949,0.1914079189300537,87.07407070632838,111.09992218017578,22.0,0.0,,Saturday,2,911.1399999999999
2025-02-22 14:24:18,Von,Run,5.07,1871.0,1901,2.714430809020996,6.140022656417525,150.1475067138672,42.0,7.0,439.0,Saturday,14,466.2099999999999
2025-02-24 07:20:50,Afternoon Weight Training,Weight Training,0.0,8074.0,8074,0.0,,120.12335968017578,34.0,0.0,744.0,Monday,7,460.17999999999995
2025-02-24 13:23:33,Night Run,Run,5.17,2173.0,2185,2.3817763328552246,6.997578419417329,148.19496154785156,44.0,7.0,482.0,Monday,13,465.34999999999997
2025-02-26 15:57:22,Hrafntinna,Run,5.17,2119.0,2190,2.443888664245605,6.819732384090188,141.1608428955078,27.0,9.0,456.0,Wednesday,15,470.52
2025-02-27 06:12:43,Afternoon Weight Training,Weight Training,0.0,7621.0,7621,0.0,,99.45348358154295,20.0,0.0,758.0,Thursday,6,470.52
2025-03-01 00:24:22,Ylur,Biking,27.45,4443.0,9939,6.179495811462402,2.6970916681829475,132.71815490722656,50.0,153.0,673.0,Saturday,0,492.85999999999996
2025-03-03 01:46:16,Morning Weight Training,Weight Training,0.0,4491.0,4491,0.0,,105.09463500976562,12.0,0.0,476.0,Monday,1,42.85999999999994
2025-03-07 02:29:53,Morning Weight Training,Weight Training,0.0,5425.0,5425,0.0,,108.61363983154295,16.0,0.0,723.0,Friday,2,37.78999999999994
2025-03-07 14:47:38,Night Run,Run,5.08,1989.0,1997,2.556762218475342,6.51866119822648,151.08502197265625,48.0,9.0,456.0,Friday,14,42.86999999999994
2025-03-10 02:33:51,Morning Weight Training,Weight Training,0.0,8030.0,8030,0.0,,105.9616470336914,24.0,0.0,871.0,Monday,2,37.69999999999994
2025-03-14 07:17:57,Afternoon Weight Training,Weight Training,0.0,4885.0,4885,0.0,,114.48126983642578,17.0,0.0,431.0,Friday,7,32.529999999999944
2025-03-15 15:23:39,Night Run,Run,5.48,2073.0,2101,2.6435117721557617,6.304744636364959,157.18829345703125,66.0,11.0,485.0,Saturday,15,38.00999999999995
2025-03-17 02:34:17,Morning Weight Training,Weight Training,0.0,7371.0,7371,0.0,,113.4801254272461,27.0,0.0,795.0,Monday,2,10.559999999999944
2025-03-21 07:23:39,Afternoon Weight Training,Weight Training,0.0,5751.0,5751,0.0,,102.85428619384766,15.0,0.0,578.0,Friday,7,10.559999999999944
2025-03-24 03:07:00,Lunch Weight Training,Weight Training,0.0,7779.0,7779,0.0,,109.66846466064452,25.0,0.0,744.0,Monday,3,10.559999999999944
2025-03-27 05:38:35,Afternoon Weight Training,Weight Training,0.0,6597.0,6597,0.0,,101.30892944335938,17.0,0.0,592.0,Thursday,5,5.479999999999944
2025-03-30 02:40:02,Morning Weight Training,Weight Training,0.0,5907.0,5907,0.0,,112.10834503173828,21.0,0.0,608.0,Sunday,2,5.479999999999944
2025-03-30 13:35:55,Hari Raya Eve,Run,10.06,4085.0,4267,2.46450424194336,6.762685323488969,150.9328155517578,97.0,14.0,899.0,Sunday,13,15.539999999999944
2025-04-03 08:33:18,Afternoon Weight Training,Weight Training,0.0,4720.0,4720,0.0,,114.6427993774414,16.0,0.0,284.0,Thursday,8,10.059999999999944
2025-04-06 10:02:07,Evening Run,Run,7.15,2950.0,2954,2.424643993377685,6.873861363642473,154.77133178710938,83.0,11.0,632.0,Sunday,10,17.209999999999944
2025-04-07 03:38:02,Lunch Weight Training,Weight Training,0.0,5873.0,5873,0.0,,108.29524993896484,18.0,0.0,419.0,Monday,3,17.209999999999944
2025-04-08 23:44:26,5kE,Run,5.51,1924.0,1998,2.867931365966797,5.811389653339292,153.28829956054688,50.0,10.0,446.0,Tuesday,23,22.719999999999942
2025-04-11 03:02:05,Lunch Weight Training,Weight Training,0.0,4923.0,4923,0.0,,113.3609619140625,18.0,0.0,525.0,Friday,3,22.719999999999942
2025-04-14 02:35:27,Morning Weight Training,Weight Training,0.0,6645.0,6645,0.0,,116.27404022216795,27.0,0.0,731.0,Monday,2,22.719999999999942
2025-04-17 06:46:04,Afternoon Weight Training,Weight Training,0.0,5924.0,5924,0.0,,121.97265625,30.0,0.0,390.0,Thursday,6,12.659999999999943
2025-04-18 13:58:35,Night Ride,Biking,79.05,13524.0,24501,5.845097541809082,2.8513923929331493,128.54598999023438,121.0,193.0,1973.0,Friday,13,91.70999999999994
2025-04-22 02:56:53,Morning Weight Training,Weight Training,0.0,6697.0,6697,0.0,,119.2481689453125,29.0,0.0,662.0,Tuesday,2,84.55999999999993
2025-04-28 01:55:07,Morning Weight Training,Weight Training,0.0,1311.0,1311,0.0,,139.9099884033203,16.0,0.0,201.0,Monday,1,84.55999999999993
